Date,Open,High,Low,Close,Adj Close,Volume
1/1/2016,200,200,200,200,200,200
1/4/2016,81.318425,83.50572817,80.835,83.489875,76.77922909,270597600
1/5/2016,83.806875,83.886125,81.15992817,81.397675,74.85519442,223164000
1/6/2016,79.69379683,81.12822817,79.14697817,79.80474683,73.3902867,273829600
1/7/2016,78.2039,79.35302183,76.420775,76.43662183,70.29289238,324377600
1/8/2016,78.10087817,78.544675,76.68230317,76.8408,70.66458756,283192000
1/11/2016,78.433725,78.50504683,77.14194683,78.085025,71.8088054,198957600
1/12/2016,79.68587817,79.79682817,78.33069683,79.2183,72.85098728,196616800
1/13/2016,79.5036,80.19307817,77.11025317,77.181575,70.97797376,249758400
1/14/2016,77.6333,79.63040317,75.87394683,78.86959683,72.53030374,252680400
1/15/2016,76.23849683,77.435175,75.5728,76.97552183,70.78848701,319335600
1/19/2016,77.98992817,78.180125,75.68375,76.60305317,70.44594632,212350800
1/20/2016,75.36675,77.81557817,74.03535,76.706075,70.54068177,289337600
1/21/2016,76.92004683,77.56989683,75.23995317,76.31775317,70.18356859,208646000
1/22/2016,78.16427183,80.40705,77.95822817,80.37535,73.91505167,263202000
1/25/2016,80.45459683,80.462525,78.623925,78.80620317,72.47202963,207178000
1/26/2016,79.194525,79.94739683,77.720475,79.24207183,72.87285711,300308000
1/27/2016,76.1117,76.57927183,73.97194683,74.03535,68.08463234,533478800
1/28/2016,74.328575,74.90709683,73.219075,74.56632183,68.57292012,222715200
1/29/2016,75.121075,77.14194683,74.772375,77.14194683,70.94151876,257666000
2/1/2016,76.452475,76.642675,75.6045,76.420775,70.27832623,163774000
2/2/2016,75.62035,76.1117,74.7169,74.87540317,68.85716768,149428800
2/3/2016,75.2875,76.74569683,74.5584,76.357375,70.22001408,183857200
2/4/2016,75.96905,77.134025,75.43807817,76.5555,70.78424238,185886800
2/5/2016,76.49209683,76.8091,74.24932817,74.51084683,68.89374314,185672400
2/8/2016,73.80552183,75.84224683,73.7342,75.29542817,69.6191596,216085600
2/9/2016,74.724825,76.03245317,74.439525,75.27957183,69.60450152,177324800
2/10/2016,76.0166,76.357375,74.57425,74.70897183,69.07689623,169374400
2/11/2016,74.328575,75.0656,73.37757183,74.25724683,68.65924873,200298800
2/12/2016,74.64557817,74.89125,73.71042817,74.48707183,68.87174017,161405600
2/16/2016,75.30334683,76.753625,74.978425,76.5872,70.81354903,196231600
2/17/2016,76.610975,77.831425,76.198875,77.76010317,71.89803773,179452800
2/18/2016,78.33069683,78.370325,76.15132183,76.28605317,70.53510574,156084000
2/19/2016,76.08,76.68230317,75.92150317,76.1117,70.37389856,141496800
2/22/2016,76.32567183,76.79325,76.0166,76.77739683,70.98940161,137123200
2/23/2016,76.397,76.47625,74.93087817,75.04182817,69.38467787,127770400
2/24/2016,74.47915317,76.38114683,73.9561,76.15925,70.41786329,145022800
2/25/2016,76.11962817,76.68230317,75.485625,76.68230317,70.90148166,110330800
2/26/2016,77.03099683,77.68084683,76.53965,76.80117817,71.0113919,115964400
2/29/2016,76.76155,77.84727817,76.595125,76.62682817,70.85019106,140865200
3/1/2016,77.387625,79.86022183,77.20535,79.670025,73.66396548,201628400
3/2/2016,79.65417817,79.955325,78.9647,79.844375,73.825179,132678400
3/3/2016,79.70965,80.605175,79.60662183,80.43875,74.37475239,147822800
3/4/2016,81.12822817,82.221875,80.33572817,81.63542817,75.48119968,184220400
3/7/2016,81.144075,81.492775,80.0108,80.73197817,74.64586664,143315600
3/8/2016,79.86815,80.64480317,79.567,80.066275,74.03034774,126247600
3/9/2016,80.28817183,80.50215,79.46397183,80.13760317,74.09631227,108806800
3/10/2016,80.36742817,81.02519683,79.368875,80.177225,74.13292894,134054400
3/11/2016,81.02519683,81.0569,80.43875,81.04105317,74.93163263,109632800
3/14/2016,80.76367817,81.55617817,80.66065,81.24709683,75.1221528,100304400
3/15/2016,82.3883,83.35515,82.301125,82.87965,76.63164023,160270800
3/16/2016,82.903425,84.25067183,82.88757183,83.981225,77.65016757,153214000
3/17/2016,83.62459683,84.377475,83.1808,83.84650317,77.52558974,137682800
3/18/2016,84.27444683,84.40125,83.36307817,83.9416,77.61352871,176820800
3/21/2016,83.949525,85.312625,83.32345,83.93367817,77.60619333,142010800
3/22/2016,83.410625,85.027325,83.378925,84.5756,78.19973462,129777600
3/23/2016,84.38540317,84.852975,83.92575,84.10802183,77.76740685,102814000
3/24/2016,83.584975,84.203125,83.125325,83.743475,77.43033758,104532000
3/28/2016,84.005,84.15557817,83.26004683,83.36307817,77.07862291,77645600
3/29/2016,83.125325,85.423575,83.11739683,85.3364,78.90318298,124760400
3/30/2016,86.105125,87.50785,86.0655,86.82629683,80.28076037,182404400
3/31/2016,86.9531,87.09575,86.28739683,86.37457183,79.86310019,103553600
4/1/2016,86.20815,87.175,85.74849683,87.16707183,80.59583301,103496000
4/4/2016,87.50785,88.91057817,87.38897183,88.06260317,81.42388456,149424800
4/5/2016,86.78667817,87.75352817,86.71535,87.02442183,80.4639515,106314800
4/6/2016,87.35727817,87.95165317,86.54099683,87.9358,81.30661041,105616400
4/7/2016,87.13537183,87.50785,85.68510317,86.01795,79.5333663,127207600
4/8/2016,86.31117817,86.99272183,85.724725,86.11305317,79.62127991,94326800
4/11/2016,86.358725,87.658425,86.247775,86.39834683,79.88506512,117630000
4/12/2016,86.65194683,87.57125,86.11305317,87.52370317,80.92559226,108929200
4/13/2016,87.80900317,89.02944683,87.80900317,88.7917,82.09798506,133029200
4/14/2016,88.45885317,89.069075,88.229025,88.83925,82.14196247,101895600
4/15/2016,88.847175,88.99775317,86.96102817,87.056125,80.49325815,187756000
4/18/2016,86.295325,86.34287183,84.74995317,85.17790317,78.7566212,243286000
4/19/2016,85.49489683,85.59,84.18727817,84.72617817,78.33894517,129539600
4/20/2016,84.5122,85.66132183,84.05254683,84.90052183,78.50014918,122444000
4/21/2016,84.742025,84.742025,83.62459683,83.981225,77.65016757,126210000
4/22/2016,83.22042817,84.38540317,82.91135317,83.7514,77.43767296,134732400
4/25/2016,83.2125,83.727625,82.82417817,83.2759,76.99802249,112126400
4/26/2016,82.34867817,83.45025317,82.34867817,82.697375,76.46310084,224064800
4/27/2016,76.08,78.227675,75.8264,77.52235,71.67820774,458408400
4/28/2016,77.355925,77.56989683,74.693125,75.152775,69.48726541,328970800
4/29/2016,74.48707183,75.0656,73.31417817,74.28894683,68.68855538,274126000
5/2/2016,74.471225,74.5584,73.227,74.2097,68.61527449,192640400
5/3/2016,74.65349683,75.87394683,74.2414,75.43015,69.74373743,227325200
5/4/2016,75.44599683,76.00075,74.35235,74.64557817,69.01829561,164102000
5/5/2016,74.495,74.550475,73.4489,73.89269683,68.7381532,143562000
5/6/2016,73.99572817,74.05912183,72.791125,73.4806,68.35479242,174799600
5/9/2016,73.7025,74.31272183,73.37757183,73.536075,68.40640636,131745600
5/10/2016,73.964025,74.154225,72.997175,74.03535,68.87085574,134747200
5/11/2016,74.08290317,74.154225,73.27455,73.31417817,68.19999181,114876400
5/12/2016,73.4806,73.52815,70.904975,71.59444683,66.60022595,305258800
5/13/2016,71.325,72.648475,71.325,71.73709683,66.73292215,177571200
5/16/2016,73.219075,74.804075,72.632625,74.39989683,69.20996966,245039200
5/17/2016,74.93087817,75.04974683,73.71042817,74.09082183,68.92245066,187667600
5/18/2016,74.62180317,75.453925,74.407825,74.93879683,69.71127346,168249600
5/19/2016,75.0022,75.0022,74.154225,74.65349683,69.44588423,121768400
5/20/2016,75.0022,75.628275,74.90709683,75.46185,70.19783676,128104000
5/23/2016,75.97697817,77.02307817,75.818475,76.420775,71.08987793,152074400
5/24/2016,77.04685,77.73632183,76.74569683,77.58575,72.17358047,140560800
5/25/2016,78.195975,79.04394683,77.752175,78.94885317,73.44158998,152675200
5/26/2016,78.9964,79.82852817,78.1722,79.57492817,74.02399823,225324800
5/27/2016,78.80620317,79.622475,78.655625,79.527375,73.97975771,145364800
5/31/2016,78.933,79.567,78.31485,79.13905,73.61852353,169228800
6/1/2016,78.47334683,78.88545,77.926525,78.02955,72.58641908,116693200
6/2/2016,77.348,77.53819683,76.57927183,77.4431,72.04090012,160766400
6/3/2016,77.498575,77.87897183,77.22912183,77.6016,72.18833365,114019600
6/6/2016,77.65707183,80.747825,77.30837817,78.16427183,72.71176088,93170000
6/7/2016,78.655625,79.14697817,78.4258,78.481275,73.00664379,89638000
6/8/2016,78.47334683,78.90129683,78.2039,78.40995317,72.94028618,83392400
6/9/2016,78.06125,79.24207183,78.02955,78.972625,73.46372609,106405600
6/10/2016,78.085025,78.734875,78.04540317,78.322775,72.85918807,126851600
6/13/2016,78.21182817,78.55260317,76.95175,77.14194683,71.76075137,152082000
6/14/2016,77.1261,78.04540317,76.674375,77.23705,71.84921339,127727600
6/15/2016,77.52235,77.98992817,76.896275,76.98345,71.61329248,117780800
6/16/2016,76.43662183,77.466875,76.135475,77.30837817,71.91555832,125307200
6/17/2016,76.57135317,76.595125,75.52525317,75.549025,70.27894121,244032800
6/20/2016,76.08,76.531725,75.311275,75.36675,70.10937474,137647600
6/21/2016,75.23995317,76.357375,75.0339,76.00867817,70.70651081,142185600
6/22/2016,76.278125,76.785325,75.564875,75.72337817,70.4411406,116876400
6/23/2016,76.03245317,76.309825,75.485625,76.15925,70.84661213,128960800
6/24/2016,73.63117817,75.01805317,73.425125,74.0195,68.8561089,301245600
6/27/2016,73.7025,73.74212817,72.51375,72.9417,67.85350764,181958400
6/28/2016,73.62325,74.22555317,73.02095,74.17007183,68.99616584,161779600
6/29/2016,74.471225,74.93087817,74.20177183,74.812,69.5933241,146124000
6/30/2016,74.84370317,75.89772183,74.73275317,75.763,70.47798551,143345600
7/1/2016,75.67582183,76.452475,75.549025,75.992825,70.69178299,104106000
7/5/2016,75.596575,75.6045,74.85955,75.27957183,70.02828614,110820800
7/6/2016,74.9705,75.81055317,74.78822817,75.707525,70.42637474,123796400
7/7/2016,75.84224683,76.47625,75.77885317,76.03245317,70.72864692,100558400
7/8/2016,76.46832183,76.785325,76.11962817,76.6189,71.27417539,115648400
7/11/2016,76.674375,77.387625,76.65852817,76.85665317,71.49534312,95179600
7/12/2016,77.007225,77.42724683,76.96760317,77.20535,71.81972605,96670000
7/13/2016,77.19742817,77.403475,76.74569683,76.76947817,71.41425452,103568800
7/14/2016,77.181575,78.44957183,77.1261,78.291075,72.82971024,155676000
7/15/2016,78.3941,78.69525317,78.06125,78.28315,72.82233365,120548000
7/18/2016,78.21974683,79.35302183,78.1405,79.115275,73.59641278,145975600
7/19/2016,78.90129683,79.25,78.72694683,79.14697817,73.62590646,95119600
7/20/2016,79.25,79.61455,79.04394683,79.2183,73.69223871,105104000
7/21/2016,79.115275,80.0425,78.56052183,78.798275,73.30154572,130808000
7/22/2016,78.66355317,78.69525317,77.91067183,78.18805317,72.73388431,113254800
7/25/2016,77.863125,78.33069683,76.8091,77.14194683,71.76075137,161531600
7/26/2016,76.72985,77.641225,76.41285,76.610975,71.2667988,224959200
7/27/2016,82.63397183,82.697375,81.429375,81.58787183,75.89652674,369379200
7/28/2016,81.492775,82.77662183,81.48485,82.68944683,76.92126411,159479200
7/29/2016,82.57057817,82.85587817,82.1664,82.586425,76.82542233,110934800
8/1/2016,82.74492817,84.123875,82.74492817,84.04462817,78.18190971,152671600
8/2/2016,84.04462817,84.060475,82.42,82.80040317,77.02449199,135266400
8/3/2016,83.06192183,83.87819683,83.03022183,83.838575,77.99022298,120810400
8/4/2016,83.67215,84.005,83.4344,83.90197817,78.47202177,109634800
8/5/2016,84.21897183,85.312625,84.14765,85.17790317,79.66534925,162213600
8/8/2016,85.20959683,85.88322817,84.92430317,85.88322817,80.3250421,112148800
8/9/2016,85.77227817,86.33495317,85.59792817,86.23192183,80.65119389,105260800
8/10/2016,86.152675,86.30325,85.39980317,85.59,80.05080223,96034000
8/11/2016,86.00209683,86.327025,85.471125,85.534525,79.99891884,109938000
8/12/2016,85.41565,85.93870317,85.41565,85.73265,80.18422436,74641600
8/15/2016,85.70095,86.81045,85.6534,86.76290317,81.14780609,103472800
8/16/2016,86.88177183,87.35727817,86.548925,86.68364683,81.07366613,135177600
8/17/2016,86.46175,86.67572817,85.85944683,86.55685,80.95508594,101424000
8/18/2016,86.56477817,86.858,86.39834683,86.4459,80.8512938,87938800
8/19/2016,86.20022183,86.92932817,85.8753,86.6678,81.05884638,101472400
8/22/2016,86.27155,86.46175,85.471125,85.99417817,80.42881522,103280800
8/23/2016,86.05757183,86.6361,86.010025,86.263625,80.68082705,85030800
8/24/2016,86.041725,86.184375,85.3364,85.613775,80.07300491,94700400
8/25/2016,85.106575,85.49489683,84.5439,85.249225,79.73209043,100344800
8/26/2016,85.12242817,85.55037183,84.25067183,84.74995317,79.26510822,111065200
8/29/2016,84.49635317,85.14620317,84.234825,84.65485,79.17616753,99881200
8/30/2016,83.84650317,84.40125,83.60875,84.005,78.56837709,99455600
8/31/2016,83.73555317,84.456725,83.7197,84.08425,78.64250437,118649600
9/1/2016,84.11595,84.63900317,83.70385317,84.58352817,79.10946122,106806000
9/2/2016,85.35224683,85.59,84.65485,85.37602817,79.85067062,107210000
9/6/2016,85.51075,85.82775317,85.20167817,85.35224683,79.82844258,107521600
9/7/2016,85.455275,86.19230317,84.852975,85.8753,80.31763698,169457200
9/8/2016,84.995625,85.01147183,83.40269683,83.62459683,78.21258897,212008000
9/9/2016,82.9272,83.7831,81.73052183,81.73052183,76.44109787,186228000
9/12/2016,81.350125,83.7831,81.255025,83.56120317,78.15329412,181171200
9/13/2016,85.20167817,86.216075,84.98769683,85.55037183,80.01374493,248704800
9/14/2016,86.16852817,89.576275,86.0655,88.57772183,82.84515723,443554800
9/15/2016,90.23405,91.71602817,89.94082183,91.589225,85.66177514,359934400
9/16/2016,91.23260317,92.03302183,90.3767,91.0741,85.17997635,319547600
9/19/2016,91.28807817,92.07265,89.750625,90.01215,84.18674561,188092000
9/20/2016,89.59212817,90.44010317,89.16417817,90.004225,84.17935,138057200
9/21/2016,90.226125,90.33707183,89.10870317,89.98837817,84.1645144,144012800
9/22/2016,90.622375,91.08995317,90.345,90.83635317,84.95762304,124296000
9/23/2016,90.67785,90.971075,88.40337817,89.322675,83.54190104,209924800
9/26/2016,88.4747,89.861575,88.40337817,89.45739683,83.6679022,119477600
9/27/2016,89.5525,89.69515,89.02944683,89.62382183,83.8235492,98429600
9/28/2016,90.09932817,90.8522,89.893275,90.30537183,84.4610045,118564400
9/29/2016,89.67930317,90.18650317,88.60150317,88.90265,83.14906196,143548000
9/30/2016,89.12455,89.84572817,88.60150317,89.59212817,83.79392238,145516400
10/3/2016,89.322675,89.59212817,88.9819,89.17209683,83.40106428,86807200
10/4/2016,89.60004683,90.59067183,89.25927183,89.5525,83.75685874,118947200
10/5/2016,89.8695,90.07555317,89.30682817,89.59212817,83.79392238,85812400
10/6/2016,90.10724683,90.61444683,89.65552183,90.257825,84.41654208,115117200
10/7/2016,90.59067183,90.78879683,89.95667817,90.39254683,84.54252105,97433600
10/10/2016,91.15334683,92.524375,90.9156,91.96962817,86.0175696,144944000
10/11/2016,93.27724683,94.06182817,92.08849683,92.16775317,86.20285293,256164000
10/12/2016,92.999875,93.49915317,92.524375,92.99194683,86.97370817,150347200
10/13/2016,92.556075,93.07120317,91.7081,92.70665317,86.70688293,140769600
10/14/2016,93.41989683,93.649725,92.82552183,93.22177183,87.18865953,142608800
10/17/2016,92.984025,93.38819683,92.54815,93.15837817,87.12934566,94499600
10/18/2016,93.65765,93.681425,93.07912183,93.094975,87.07006666,98214000
10/19/2016,92.920625,93.32480317,90.18650317,92.81760317,86.81064337,80138400
10/20/2016,92.61155,93.02364683,92.191525,92.77004683,86.76618095,96503200
10/21/2016,92.57192183,92.65117817,92.1519,92.4055,86.42522843,92770800
10/24/2016,92.80175,93.30894683,92.7225,93.237625,87.20348879,94154800
10/25/2016,93.47537183,93.8003,92.96817183,93.713125,87.64821443,192516000
10/26/2016,90.59067183,91.69224683,89.79817183,91.60507183,85.67659489,264536800
10/27/2016,91.446575,91.81905,90.42425,90.72540317,84.85386894,138248000
10/28/2016,90.24197817,91.303925,89.90912183,90.1231,84.29053775,151446800
10/31/2016,90.067625,90.52727817,89.71099683,89.98045,84.15711879,105677600
11/1/2016,89.91705,90.16272183,87.595025,88.35582183,82.63762367,175303200
11/2/2016,88.2845,89.037375,88.14977817,88.43507183,82.71174461,113326800
11/3/2016,87.95165317,88.33205,86.81837817,87.040275,81.82518437,107730400
11/4/2016,86.010025,87.373125,85.677175,86.25569683,81.08760779,123348000
11/7/2016,87.2384,87.57917817,86.74705,87.49992817,82.25727756,130240000
11/8/2016,87.42067183,88.5381,86.93724683,88.01504683,82.74154895,97016800
11/9/2016,87.07989683,88.2211,85.62962817,87.87239683,82.60745478,236705600
11/10/2016,88.03882183,88.03882183,83.870275,85.423575,80.30532787,228538000
11/11/2016,84.89260317,86.27947817,84.44087817,85.930775,80.7821561,136575600
11/14/2016,85.360175,85.43942183,82.4834,83.775175,78.75572092,204702000
11/15/2016,84.456725,85.3364,84.13180317,84.884675,79.79873017,129058000
11/16/2016,84.55974683,87.35727817,84.4805,87.16707183,81.9443732,235362000
11/17/2016,87.02442183,87.452375,86.247775,87.13537183,81.91458471,110528000
11/18/2016,86.9531,87.60295,86.90555317,87.22254683,81.99653555,113715600
11/21/2016,87.27010317,88.75207183,87.18292817,88.54602817,83.24071934,117058400
11/22/2016,88.72037183,89.09285,88.2845,88.60150317,83.29284999,103862000
11/23/2016,88.2528,88.37167817,87.436525,88.14977817,82.86819996,109705600
11/25/2016,88.07052183,88.65697817,87.92787183,88.593575,83.28541951,45903600
11/28/2016,88.308275,89.132475,88.276575,88.419225,83.12149564,108776000
11/29/2016,87.79315,88.783775,87.230475,88.33205,83.03955114,114115200
11/30/2016,88.443,88.91849683,87.38897183,87.58709683,82.33925059,144649200
12/1/2016,87.46822817,87.91995317,86.406275,86.77082183,81.5718665,148347600
12/2/2016,86.517225,87.24632183,86.263625,87.09575,81.8773277,106112000
12/5/2016,87.175,87.198775,85.788125,86.469675,81.28875697,137298000
12/6/2016,86.77875,87.4603,86.53307817,87.13537183,81.91458471,104782000
12/7/2016,86.58855317,88.11807817,86.50930317,87.991275,82.71920045,119994800
12/8/2016,87.85655,89.100775,87.6505,88.85510317,83.53126569,108273200
12/9/2016,89.00567183,90.89974683,89.00567183,90.30537183,84.89465099,137610400
12/12/2016,89.782325,91.1375,89.14832183,89.79025317,84.4103796,105497600
12/13/2016,90.21819683,91.8666,90.146875,91.28807817,85.81846507,174935200
12/14/2016,91.1692,92.08849683,91.12165317,91.28807817,85.81846507,136127200
12/15/2016,91.43864683,92.50852817,91.31977817,91.78735,86.2878438,186098000
12/16/2016,92.302475,92.32625,91.652625,91.906225,86.39957362,177404400
12/19/2016,91.77150317,93.02364683,91.731875,92.4372,86.89874401,111117600
12/20/2016,92.51644683,93.11875,92.4689,92.68287183,87.12968168,85700000
12/21/2016,92.56400317,93.0395,92.54815,92.77004683,87.2116452,95132800
12/22/2016,92.207375,92.33417817,91.6447,92.159825,86.63798615,104343600
12/23/2016,91.60507183,92.34209683,91.60507183,92.34209683,86.80932465,56998000
12/27/2016,92.34209683,93.35650317,92.31832183,92.92855317,87.36065105,73187600
12/28/2016,93.13459683,93.53084683,92.08849683,92.53230317,86.98814435,83623600
12/29/2016,92.28662183,92.809675,92.247,92.50852817,86.96579268,60158000
12/30/2016,92.445125,92.88099683,91.478275,91.78735,86.2878438,122345200
1/3/2017,91.77150317,92.191525,90.94730317,92.048875,86.53369315,115127600
1/4/2017,91.811125,92.33417817,91.731875,91.94584683,86.43682746,84472400
1/5/2017,91.8666,92.61155,91.77942183,92.413425,86.87640819,88774400
1/6/2017,92.54815,93.64180317,92.302475,93.44367817,87.84491293,127007600
1/9/2017,93.47537183,94.648275,93.46745317,94.29957183,88.64952233,134247600
1/10/2017,94.12522183,94.60864683,93.75275317,94.394675,88.73891633,97848400
1/11/2017,94.10144683,95.044525,93.9905,94.901875,89.21574456,110354400
1/12/2017,94.22825,94.54525317,93.681425,94.505625,88.84323786,108344800
1/13/2017,94.394675,94.79885317,94.15692183,94.3392,88.68677934,104447600
1/17/2017,93.78444683,95.29019683,93.68935,95.1,89.4019884,137759200
1/18/2017,95.1,95.49625,94.870175,95.09207183,89.39453573,94852000
1/19/2017,94.6245,95.17132183,94.60072817,94.92565,89.23808672,102389200
1/20/2017,95.45662183,95.45662183,94.88602817,95.1,89.4019884,130391600
1/23/2017,95.1,95.74192183,94.91772183,95.1634,89.46159391,88200800
1/24/2017,94.74337817,95.17925,94.70375,95.076225,89.37964941,92844000
1/25/2017,95.43285,96.76425,95.3219,96.58989683,90.8026212,129510400
1/26/2017,96.423475,97.03370317,96.368,96.63745317,90.84732771,105350400
1/27/2017,96.79595,96.962375,96.368,96.64537183,90.85478038,82251600
1/30/2017,95.837025,96.39177183,95.62305317,96.39177183,90.61637736,121510000
1/31/2017,96.011375,96.201575,95.59135317,96.169875,90.40777868,196804000
2/1/2017,100.671275,103.4133282,100.6554282,102.034375,95.92090003,447940000
2/2/2017,101.4241532,102.541575,101.26565,101.860025,95.75699201,134841600
2/3/2017,101.6856718,102.3830782,101.5668032,102.2959,96.16674304,98029200
2/6/2017,102.3355282,103.42125,102.1532437,103.2548187,97.06820862,107383600
2/7/2017,103.4529437,104.6813218,103.3816218,104.237525,97.99203855,152735200
2/8/2017,104.0948813,104.78435,103.99185,104.6416937,98.37198841,92016400
2/9/2017,104.3326187,104.9666218,103.9125968,104.94285,99.08282921,113399600
2/10/2017,104.9745563,105.3549532,104.6496282,104.7050968,98.85833932,80262000
2/13/2017,105.4659,106.0523563,105.204375,105.6323187,99.73379505,92141600
2/14/2017,105.774975,107.0588218,105.600625,107.0033532,101.0282646,132904800
2/15/2017,107.3996032,107.9939782,106.6863468,107.3916718,101.3948877,142492400
2/16/2017,107.518475,107.7007437,106.8606968,107.2648813,101.2752139,90338400
2/17/2017,107.0667563,107.645275,107.0667563,107.5581,101.55205,88792800
2/21/2017,107.9622718,108.374375,107.7641468,108.3347468,102.2852837,98028800
2/22/2017,108.1207687,108.6675968,107.867175,108.659675,102.592108,83347600
2/23/2017,108.8736532,108.9528968,108.0177532,108.200025,102.1581413,83152800
2/24/2017,107.7086782,108.3030532,107.2094,108.3030532,102.2554033,87106400
2/27/2017,108.68345,108.9212032,108.0019,108.5170187,102.4574464,81029600
2/28/2017,108.6359,108.9212032,108.3347468,108.5645782,102.5023114,93931600
3/1/2017,109.277825,111.0688687,109.0480063,110.7835687,104.5973739,145658400
3/2/2017,110.95,111.1719,109.9672968,110.1258063,103.9763836,104844000
3/3/2017,109.98315,110.815275,109.8325718,110.77565,104.5899371,84432400
3/6/2017,110.4507218,110.7677282,109.8405063,110.4269468,104.2606945,87000000
3/7/2017,110.2050468,110.9341468,109.9910687,110.5696032,104.3953435,69785200
3/8/2017,110.1178718,110.7915032,110.0148563,110.1575,104.0063147,74828800
3/9/2017,109.9514532,109.9910687,108.6121282,109.9038937,103.7668307,88623600
3/10/2017,110.355625,110.4428,109.8722,110.26845,104.111061,78451200
3/13/2017,110.0386313,110.4982687,110.0148563,110.3159968,104.1559609,69686800
3/14/2017,110.3952532,110.6726187,110.0306968,110.1495782,103.998805,61236400
3/15/2017,110.4824282,111.544375,110.181275,111.3145563,105.0987348,102767200
3/16/2017,111.5206,111.7583532,111.1560468,111.4968282,105.2708848,76928000
3/17/2017,111.7425,111.7425,110.862825,110.9420782,104.7470708,175540000
3/20/2017,111.2669937,112.13875,111.1322718,112.1070563,105.8470006,86168000
3/21/2017,112.622175,113.1690032,110.7360218,110.8231968,104.6348274,158119600
3/22/2017,110.8311313,112.2180063,110.7597968,112.07535,105.8170472,103440800
3/23/2017,111.9485468,112.20215,111.433425,111.6791,105.4429143,81385200
3/24/2017,112.13875,112.3289532,111.2273813,111.4572,105.2334344,89582400
3/27/2017,110.466575,111.91685,109.8563468,111.6474032,105.4130212,94300400
3/28/2017,111.6711782,114.1516937,111.4413468,113.9615032,107.597874,133499200
3/29/2017,113.8663937,114.5083282,113.4780782,114.2150968,107.8373073,116760000
3/30/2017,114.2705782,114.51625,113.72375,114.0645187,107.6951454,84829200
3/31/2017,113.8981,114.3339782,113.3354218,113.8505532,107.4931277,78646800
4/3/2017,113.8901813,114.2150968,113.3671282,113.8822468,107.5230557,79942800
4/4/2017,113.525625,114.825325,113.462225,114.7302282,108.3236835,79565600
4/5/2017,114.29435,115.2770563,113.9694218,114.1358532,107.7625016,110871600
4/6/2017,114.3498187,114.5321032,113.6841218,113.8505532,107.4931277,84596000
4/7/2017,113.9060218,114.2626437,113.5414782,113.5969468,107.2536691,66688800
4/10/2017,113.8030063,114.0249032,113.2482437,113.462225,107.1264791,75733600
4/11/2017,113.2799532,113.6048813,110.9975468,112.2417782,105.9741905,121517600
4/12/2017,112.2180063,112.6538687,111.7504218,112.3765032,106.1014026,81400000
4/13/2017,112.4636782,112.8361532,111.7821282,111.7821282,105.5402238,71291600
4/17/2017,112.1228968,112.4399032,111.6394718,112.400275,106.1238367,66328400
4/18/2017,112.0674282,112.5666937,111.829675,111.9009968,105.6524165,58790000
4/19/2017,112.4399032,112.535,111.3066218,111.4888937,105.2633275,69313600
4/20/2017,111.91685,113.2641,111.8693032,112.8837032,106.5802818,93278400
4/21/2017,112.8837032,113.0738937,112.4161313,112.7489782,106.4530792,69283600
4/24/2017,113.72375,114.0803718,113.4701437,113.8347,107.4781463,68537200
4/25/2017,114.0486782,114.8332437,114.0169718,114.540025,108.1440967,75486000
4/26/2017,114.492475,114.5955063,113.6286532,113.8663937,107.5080869,80164800
4/27/2017,114.0566,114.2468032,113.5731718,113.9535687,107.5903896,56985200
4/28/2017,114.1913218,114.3577532,113.5414782,113.8426187,107.4856306,83441600
5/1/2017,114.9917563,116.6559968,114.8808063,116.16465,109.6780153,134411600
5/2/2017,116.9254437,117.3613218,116.3706968,116.9016718,110.3738842,181408800
5/3/2017,115.3800718,116.8858282,114.3339782,116.5450468,110.0371541,182788000
5/4/2017,116.1171032,116.60845,115.5544218,116.125025,109.6405776,93487600
5/5/2017,116.3072968,118.0666468,116.3072968,118.0508063,111.4588452,109310800
5/8/2017,118.106275,121.8072468,118.106275,121.2604218,114.4892226,195009600
5/9/2017,121.9419718,122.7424032,121.6091218,122.0370782,115.222507,156521600
5/10/2017,121.7517782,121.9974532,120.547175,121.4585468,114.6763065,103222800
5/11/2017,120.8166218,122.1004813,120.7056718,122.0053718,115.6680568,109020400
5/12/2017,122.5997468,123.96285,122.575975,123.7092563,117.2834349,130108000
5/15/2017,123.6379218,124.1451187,122.8771282,123.3922468,116.9828492,104038800
5/16/2017,123.5824532,123.6775468,122.6156,123.209975,116.8100937,80194000
5/17/2017,121.7280063,122.4967313,118.6451813,119.073125,112.8881285,203070800
5/18/2017,119.8814782,121.5219468,119.7705282,120.8879437,114.6086365,134272800
5/19/2017,121.5536532,122.0291468,120.9592782,121.3000468,114.9993739,107843200
5/22/2017,122.045,122.50465,121.1811782,122.0370782,115.6980957,91865600
5/23/2017,122.7582437,122.7582437,121.4981718,121.8865032,115.5553538,79675600
5/24/2017,121.9181968,122.179725,120.990975,121.5219468,115.2097351,76712000
5/25/2017,121.8310218,122.3223813,121.276275,121.9419718,115.6079219,76942400
5/26/2017,122.045,122.2352032,121.4981718,121.735925,115.4125897,87710400
5/30/2017,121.58535,122.3857687,121.514025,121.783475,115.4576703,80507600
5/31/2017,122.021225,122.179725,120.7611532,121.0622968,114.7739678,97804800
6/1/2017,121.387225,121.514025,120.63435,121.3951437,115.0895128,65616400
6/2/2017,121.71215,123.1941218,121.165325,123.1941218,116.7950616,111082800
6/5/2017,122.3144468,122.4016218,121.6170563,121.9895187,115.6529898,101326800
6/6/2017,121.9657437,123.4794218,121.87065,122.4016218,116.0437367,106499600
6/7/2017,122.8533532,123.6141468,122.4253968,123.1307218,116.7349267,84278400
6/8/2017,123.035625,123.2654437,122.3619937,122.8295782,116.4494206,85003200
6/9/2017,122.9880782,122.9880782,115.7208532,118.0666468,111.9339141,259530800
6/12/2017,115.4989532,115.7763218,112.9391718,115.24535,109.2591664,289229200
6/13/2017,116.6243032,116.8541218,115.0313687,116.1725718,110.1382137,136661600
6/14/2017,116.89375,116.89375,113.9931968,115.0393032,109.0638088,126124800
6/15/2017,113.5811063,114.5003968,112.7014313,114.3498187,108.410158,128661600
6/16/2017,113.94565,114.51625,112.6934968,112.7489782,106.8924761,201444400
6/19/2017,113.8505532,116.2914532,113.8505532,115.9744468,109.9503912,130165600
6/20/2017,116.3944718,116.3944718,114.8649532,114.9204218,108.9511311,99600400
6/21/2017,115.3246032,115.7604813,114.603425,115.6019718,109.5972501,85063200
6/22/2017,115.5227282,116.2597468,115.0075968,115.4117782,109.4169626,76425200
6/23/2017,115.0155282,116.6243032,114.999675,115.9269,109.905298,141757600
6/26/2017,116.632225,117.5119,115.2136532,115.5623563,109.5596919,102769600
6/27/2017,114.9204218,115.8318032,113.8188468,113.9060218,107.9894197,99047600
6/28/2017,114.5083282,115.792175,113.4543032,115.570275,109.5672365,88329600
6/29/2017,114.6826813,115.0155282,112.7569,113.8663937,107.9518489,125997600
6/30/2017,114.4766218,114.8808063,113.94565,114.1358532,108.2073033,92096400
7/3/2017,114.8174032,115.1502532,113.4067563,113.72375,107.8166167,57111200
7/5/2017,113.8743282,114.7460687,113.1056,114.1913218,108.2598809,86278400
7/6/2017,113.3433532,113.72375,112.8599282,113.1135218,107.2380695,96515200
7/7/2017,113.2482437,114.714375,113.2482437,114.2626437,108.3275034,76806800
7/10/2017,114.207175,115.6653718,113.6207218,114.9600468,108.9886798,84362400
7/11/2017,114.6985218,115.5861313,114.4211532,115.332525,109.3417956,79127200
7/12/2017,115.6019718,115.8476437,114.7698563,115.4989532,109.4996014,99538000
7/13/2017,115.30875,117.6783282,115.2612032,117.1077282,111.024793,100797600
7/14/2017,117.266225,118.344025,116.759025,118.1141937,111.978982,80528400
7/17/2017,117.9398563,119.5882437,117.7417313,118.5262968,112.369694,95174000
7/18/2017,118.2409968,118.9780282,117.820975,118.9384,112.7603712,71475200
7/19/2017,119.2553968,120.00035,118.8353718,119.6833532,113.4666503,83692000
7/20/2017,120.06375,120.2539532,119.0255782,119.1444468,112.9557509,68974800
7/21/2017,118.8670782,119.2237032,117.9874032,119.0889782,112.9031353,105010400
7/24/2017,119.33465,120.8087032,118.7957437,120.5313218,114.2705655,85972800
7/25/2017,120.3015032,121.9181968,120.3015032,121.0464532,114.7589484,75415600
7/26/2017,121.5298813,121.9895187,121.3000468,121.6170563,115.2998867,63124000
7/27/2017,121.846875,122.0370782,116.7352532,119.3187968,113.1210062,129905200
7/28/2017,118.787825,119.0572718,118.2330782,118.47875,112.3245881,68854800
7/31/2017,118.7957437,119.136525,117.3930282,117.8685218,111.7460567,79383600
8/1/2017,118.1617563,119.04935,117.6149282,118.9146282,112.7378642,141474400
8/2/2017,126.2294,126.601875,123.7568032,124.53345,118.0648082,279747200
8/3/2017,124.4621282,124.5889313,122.8533532,123.2892313,116.8852259,108389200
8/4/2017,123.6854813,124.7394937,123.3843282,123.939075,117.5012932,82239600
8/7/2017,124.4700468,125.9441,124.160975,125.8569218,119.3195481,87481200
8/8/2017,125.6905063,128.250275,125.4289782,126.8634,120.2737245,144823600
8/9/2017,126.2135468,127.8064782,126.094675,127.6400468,121.010033,104526000
8/10/2017,126.7207437,126.8,122.5442782,123.0911063,117.1556744,163217200
8/11/2017,124.1055063,125.6667313,123.6854813,124.8028968,118.7849118,105028400
8/14/2017,126.2611063,126.9664313,125.809375,126.6811313,120.5725826,88490800
8/15/2017,127.3230532,128.5434968,126.91095,128.0680063,121.8925737,117862000
8/16/2017,128.3374532,128.7891718,126.9188687,127.5528718,121.4022667,110686400
8/17/2017,127.2121032,127.3626813,125.0881968,125.10405,119.0715178,111762400
8/18/2017,125.10405,126.40375,124.2006,124.81875,118.7999788,109712400
8/21/2017,124.81875,125.127825,122.924675,124.5889313,118.5812456,105474000
8/22/2017,125.3972718,126.8,125.2308532,126.62565,120.5197387,86418400
8/23/2017,126.0629813,127.172475,125.9124032,126.7841468,120.6706275,77596400
8/24/2017,127.1407687,127.3864532,125.6508782,126.2214782,120.1350718,79275600
8/25/2017,126.5226187,127.2437968,126.2214782,126.68905,120.5800796,101920400
8/28/2017,126.91095,128.385,126.7445187,127.964975,121.7945034,103864000
8/29/2017,126.8792563,129.2725968,126.8,129.1061782,122.8806944,118067600
8/30/2017,129.8115032,129.882825,128.868425,129.4548813,123.2125649,109078400
8/31/2017,129.6847,130.3821032,129.5578968,129.97,123.7028212,107140400
9/1/2017,130.6040032,130.7149532,129.6767782,130.0096282,123.7405633,66364400
9/5/2017,129.771875,130.168125,127.2437968,128.4484,122.2545877,117874000
9/6/2017,128.9476813,129.1695782,127.2121032,128.3136782,122.1263961,86606800
9/7/2017,128.4563218,128.5752032,127.0853,127.7985468,121.636089,87714000
9/8/2017,127.48155,127.7113687,125.635025,125.7142782,119.6523252,114446000
9/11/2017,127.19625,128.4246282,126.712825,127.98875,121.8171404,126323200
9/12/2017,128.868425,129.9383063,125.8252282,127.48155,121.3344033,286856000
9/13/2017,126.6969718,126.7683063,125.1436782,126.5226187,120.4217032,179629600
9/14/2017,125.9995782,126.3244937,125.2863218,125.4369,119.3883435,95042800
9/15/2017,125.587475,127.568725,125.215,126.7049032,120.5952195,196458400
9/18/2017,126.887175,127.19625,125.215,125.745975,119.6825195,113077600
9/19/2017,126.4116718,126.6177282,125.5637032,125.7935218,119.7277459,83242400
9/20/2017,125.1357437,125.4210468,121.910275,123.6854813,117.7213799,211805600
9/21/2017,123.4715032,123.4715032,121.054375,121.561575,115.6998614,150046800
9/22/2017,120.0954437,120.6739782,119.3187968,120.372825,114.5684282,186581600
9/25/2017,118.8670782,120.325275,118.2093032,119.3108782,113.5577181,177549200
9/26/2017,120.28565,121.9816,120.2143282,121.36345,115.5113003,146640000
9/27/2017,121.8865032,122.6156,121.6804437,122.2272718,116.3334747,102016800
9/28/2017,121.957825,122.2669,121.0147468,121.4744,115.6169311,88022000
9/29/2017,121.4189313,122.1480282,120.46,122.1400968,116.2504968,105199200
10/2/2017,122.2510468,122.4016218,121.0306,121.8944218,116.0166617,74795200
10/3/2017,122.0529218,122.9088218,121.9736782,122.4253968,116.5220707,64921200
10/4/2017,121.7517782,121.93405,120.8245563,121.6328968,115.767785,80655200
10/5/2017,122.1876437,123.1862032,122.0846282,123.146575,117.2084359,85135200
10/6/2017,122.813725,123.2258282,122.4887968,123.0752532,117.1405852,69630400
10/9/2017,123.4794218,124.2085218,123.2258282,123.5031968,117.5479112,65051600
10/10/2017,123.6775468,125.215,122.9167563,123.5507437,117.5931249,62468000
10/11/2017,123.606225,124.4066468,123.431875,124.0658782,118.0834193,67622400
10/12/2017,123.9073813,124.7157218,123.4160218,123.63,117.6685582,64500400
10/13/2017,124.2085218,124.6444,123.9549282,124.4145782,118.4152866,65576800
10/16/2017,125.1357437,126.8,124.9376187,126.7049032,120.5952195,96486000
10/17/2017,126.62565,127.4894718,126.1897718,127.172475,121.0402273,75989200
10/18/2017,127.13285,127.3626813,126.4830063,126.6097968,120.5046685,65496800
10/19/2017,124.224375,124.4859,122.8533532,123.6141468,117.6534912,170336800
10/20/2017,124.113425,125.016875,123.5983063,123.828125,117.8571542,95896400
10/23/2017,124.335325,124.9693282,123.23375,123.764725,117.7967879,87937200
10/24/2017,123.8598187,124.75535,123.7884968,124.5017563,118.4982804,71028800
10/25/2017,124.3511782,124.8583782,123.0514782,123.9549282,117.9778266,84828400
10/26/2017,124.6047718,125.080275,124.24815,124.7474282,118.7320901,68002000
10/27/2017,126.2373187,129.6530063,125.7697468,129.2171282,122.9862744,177816800
10/30/2017,129.882825,133.1954813,129.7481,132.1256,125.7545245,178803200
10/31/2017,133.0607437,134.4476187,132.2999532,133.9641937,127.5044406,144187200
11/1/2017,134.6219718,134.6774532,131.245925,132.260325,125.8827161,134551200
11/2/2017,132.0305063,133.53625,130.9844,133.227175,126.802964,165573600
11/3/2017,137.895,138.1010468,135.6125968,136.70625,130.1142762,237594400
11/6/2017,136.6032218,138.6795782,136.0881,138.093125,131.4342674,140105200
11/7/2017,137.8236782,138.885625,137.5780063,138.5369218,131.8566604,97446000
11/8/2017,138.4180532,139.6702032,138.156525,139.6702032,132.9353321,97638000
11/9/2017,138.774675,139.5592563,137.21345,139.3849032,132.6637709,117930400
11/10/2017,138.774675,138.9886532,138.1089782,138.425975,132.2247132,100582000
11/13/2017,137.49875,138.29125,137.4194937,137.871225,131.6948033,67928400
11/14/2017,137.1341937,137.4828968,135.6601437,135.7869468,129.7039039,99130000
11/15/2017,134.701225,134.9786063,133.4411532,133.9959,127.9931024,116632400
11/16/2017,135.6601437,136.2069718,134.9627532,135.5967563,129.5222248,94550000
11/17/2017,135.5491937,135.826575,134.4397,134.8438687,128.8030659,87598000
11/20/2017,134.9548187,135.1687968,134.3762968,134.7091468,128.6743988,65049600
11/21/2017,135.34315,137.6572468,135.34315,137.21345,131.066484,100525200
11/22/2017,137.3878,138.6875,137.1421282,138.6558063,132.4442516,102355600
11/24/2017,138.7667563,139.08375,138.4101187,138.663725,132.451812,56106800
11/27/2017,138.7271282,138.7509,137.3719468,137.9663218,131.7856429,82867200
11/28/2017,138.1327532,138.5844718,136.19905,137.1579813,131.0135291,105715200
11/29/2017,136.8092782,137.0391,132.4743032,134.3128968,128.2958881,166665600
11/30/2017,135.0657687,136.42095,133.4887032,136.1911313,130.0899718,166108800
12/1/2017,134.6853718,136.048475,133.53625,135.5571282,129.4843845,159037200
12/4/2017,136.6903968,136.8013468,134.4317782,134.5665032,128.5381395,130169600
12/5/2017,133.9800468,135.9296032,133.4569937,134.4397,128.4170107,109400800
12/6/2017,132.74375,134.8834968,131.9195563,133.9404218,127.9401127,114240000
12/7/2017,133.956275,135.0737032,133.8611782,134.1861063,128.1747688,102693200
12/8/2017,135.1133282,135.5175,133.7898563,134.2257218,128.2126091,93420800
12/11/2017,134.0909968,137.015325,133.7660687,136.840975,130.7107085,141095200
12/12/2017,136.4288687,136.619075,135.8820563,136.0722468,129.9764319,77636800
12/13/2017,136.70625,137.5304437,136.31,136.5239782,130.4079323,95273600
12/14/2017,136.6269937,137.2055282,136.0326187,136.48435,130.3700699,81906000
12/15/2017,137.6017782,138.029725,136.6745563,137.871225,131.6948033,160677200
12/18/2017,138.5924032,140.4309968,138.57655,139.81285,133.5494435,117684400
12/19/2017,138.711275,138.996575,137.9663218,138.3229437,132.1262657,109745600
12/20/2017,138.5844718,139.02035,137.300625,138.1723813,131.9824618,93902400
12/21/2017,138.029725,139.4958532,137.9742563,138.6954218,132.4820665,83799600
12/22/2017,138.4338937,139.02035,138.29125,138.6954218,132.4820665,65397600
12/26/2017,135.3590032,135.889975,134.4713937,135.1767313,129.1210265,132742000
12/27/2017,134.8042563,135.34315,134.4951813,135.2005063,129.1437141,85992800
12/28/2017,135.5175,136.1911313,135.1053968,135.5809,129.5070849,65920800
12/29/2017,135.1371032,135.1925718,134.10685,134.1147718,128.1066518,103999600
1/2/2018,134.8518032,136.5477532,134.1385468,136.5160468,130.4003275,102223600
1/3/2018,136.730025,138.3308782,136.2783063,136.4922718,130.3776652,118071600
1/4/2018,136.7379437,137.474975,136.3734,137.126275,130.9832144,89738400
1/5/2018,137.4512032,138.9807218,137.1421282,138.6875,132.4744965,94640000
1/8/2018,138.1723813,139.170925,137.8395187,138.1723813,131.9824618,82271200
1/9/2018,138.3308782,138.7350468,137.4274282,138.156525,131.9673441,86336000
1/10/2018,137.2293032,138.1327532,137.1025,138.1248187,131.9370547,95839600
1/11/2018,138.3625718,139.0758282,138.2833282,138.9094,132.6864681,74670800
1/12/2018,139.6226437,140.5578,139.2026187,140.3438218,134.0566309,101672400
1/16/2018,140.9857437,142.166575,139.59095,139.6305782,133.3753567,118263600
1/17/2018,139.5988687,142.055625,138.7429813,141.9367563,135.5782182,137547200
1/18/2018,142.1507218,142.7292563,141.263125,142.0635468,135.6993249,124773600
1/19/2018,141.548425,142.31715,140.5974282,141.4295563,135.0937407,129700400
1/22/2018,140.5102532,140.89065,139.9555063,140.2725,133.9885234,108434400
1/23/2018,140.5102532,142.2062032,140.1298563,140.3041937,134.0187937,130756400
1/24/2018,140.470625,140.5102532,137.2609968,138.06935,131.884065,204420400
1/25/2018,138.2991718,138.6478718,135.145025,135.604675,129.5298043,166116000
1/26/2018,136.31,136.31,134.7725468,135.9216718,129.8325932,156572000
1/29/2018,134.8518032,134.8518032,132.4029813,133.1083063,127.1452923,202561600
1/30/2018,131.182525,132.6407218,130.5247468,132.323725,126.3958282,184192800
1/31/2018,132.2444718,133.4887032,131.95125,132.6882687,126.7440368,129915600
2/1/2018,132.482225,133.6313468,132.1572968,132.96565,127.0090076,188923200
2/2/2018,131.555,132.1890032,126.8792563,127.19625,121.4980514,346375200
2/5/2018,126.0867563,129.8749032,123.63,124.0183282,118.4625101,290954000
2/6/2018,122.702775,129.7481,122.045,129.201275,123.4132766,272975200
2/7/2018,129.2488218,129.4944937,126.0629813,126.4354437,120.771313,206434400
2/8/2018,127.0298187,127.5925,122.861275,122.9563687,117.4481228,217562000
2/9/2018,124.4779813,125.127825,119.0652032,123.9549282,118.8846622,282690400
2/12/2018,125.61125,129.882825,124.8266718,128.9476813,123.6732198,243278000
2/13/2018,128.3453718,130.564375,128.1076187,130.2394468,124.9121541,130196800
2/14/2018,129.2091937,132.7754437,129.0824032,132.6407218,127.2151876,162579600
2/15/2018,134.5585687,137.1738218,133.9325,137.0945782,131.4868704,204588800
2/16/2018,136.5953,138.5448563,136.1277282,136.6507687,131.0612218,160704400
2/20/2018,136.3496282,138.1010468,135.85035,136.1911313,130.6203635,135722000
2/21/2018,136.967775,137.9900968,135.5254218,135.5729813,130.0275133,149886400
2/22/2018,136.1515032,137.8553718,136.0801813,136.70625,131.1144176,123967600
2/23/2018,137.633475,139.2026187,137.5304437,139.08375,133.3946937,135249600
2/26/2018,139.7573813,142.166575,139.6464313,141.833725,136.0321622,152648800
2/27/2018,141.9367563,143.0303968,141.1918032,141.374075,135.5913261,155712400
2/28/2018,142.0635468,143.1413468,141.1046282,141.1600968,135.3860908,151128400
3/1/2018,141.4929437,142.47565,136.8330532,138.6875,133.0146233,195208000
3/2/2018,136.9440032,139.7177532,136.6666218,139.6464313,133.9343259,153816000
3/5/2018,138.8539313,140.8589532,138.3071032,140.1298563,134.3979796,113605600
3/6/2018,140.9936782,141.263125,139.5830282,140.010975,134.2839833,95154000
3/7/2018,138.6399532,139.3611313,138.1089782,138.711275,133.0374315,126814000
3/8/2018,139.0678968,140.3675968,138.7429813,140.2249532,134.4891932,95096400
3/9/2018,141.0333063,142.65,140.581575,142.6341468,136.7998347,128740800
3/12/2018,142.8798187,144.544075,142.8164313,144.0131,138.1223904,128828400
3/13/2018,144.7025718,145.42375,142.0477032,142.626225,136.7922521,126774000
3/14/2018,142.9036063,143.0621032,140.9144218,141.4137032,135.6293218,117473600
3/15/2018,141.46125,142.8402032,141.1204813,141.5801187,135.7888932,90975200
3/16/2018,141.5801187,141.9525968,140.7638468,141.0808532,135.3100996,157618800
3/19/2018,140.5261063,140.644975,137.6255532,138.9252532,133.2426414,133787200
3/20/2018,138.8777032,140.1140032,138.6399532,138.8777032,133.1970283,78597600
3/21/2018,138.7191937,138.7588218,135.7235468,135.7314782,130.1795275,148219600
3/22/2018,134.725,136.8488937,133.6155063,133.8136313,128.340135,165963200
3/23/2018,133.449075,134.6616,130.7149532,130.7149532,125.3681649,164115200
3/26/2018,133.1954813,137.1817563,131.9037032,136.9202282,131.3196529,150164800
3/27/2018,137.6413937,138.8063687,132.2841,133.4094468,127.9524852,163690400
3/28/2018,132.545625,134.7408532,130.9130782,131.9353968,126.5386779,166674000
3/29/2018,132.9894218,136.111875,132.2682437,132.96565,127.5268144,153594000
4/2/2018,132.0622,133.8849532,130.342475,132.0938937,126.6907555,150347200
4/3/2018,132.8547,133.734375,130.6674032,133.449075,127.9904903,121112000
4/4/2018,130.6674032,136.3179218,130.5802282,136.000925,130.4379364,138422000
4/5/2018,136.76965,138.0772718,136.3734,136.9440032,131.3424483,107732800
4/6/2018,135.493725,136.6903968,133.2984968,133.4411532,127.9828855,140021200
4/9/2018,134.6299032,137.1738218,134.6061313,134.7646282,129.2522454,116070800
4/10/2018,137.1025,137.895,135.937525,137.300625,131.6844755,113634400
4/11/2018,136.4922718,137.8316,136.0722468,136.6587032,131.0688171,89726400
4/12/2018,137.4274282,138.6875,137.1341937,138.00595,132.3609471,91557200
4/13/2018,138.51315,139.3531968,137.7761313,138.4735218,132.8094007,100497200
4/16/2018,138.711275,139.6305782,138.552775,139.3373563,133.6378992,86313600
4/17/2018,139.8683282,141.8099532,139.8049282,141.2552032,135.477279,106421600
4/18/2018,140.9144218,141.7148563,140.1774032,140.9381968,135.1732475,83018000
4/19/2018,137.7047968,138.996575,136.8330532,136.9440032,131.3424483,139235200
4/20/2018,135.2005063,135.69185,131.1032687,131.3331,125.9610532,261964400
4/23/2018,132.212775,132.2841,130.0413218,130.9527032,125.5961957,146062000
4/24/2018,131.293475,131.816525,127.76685,129.1299532,123.8480421,134768000
4/25/2018,128.8763468,131.09535,128.7099282,129.6926187,124.3876966,113528400
4/26/2018,130.0650968,131.3410218,129.4707218,130.14435,124.8209278,111852000
4/27/2018,129.97,130.231525,127.2992782,128.6386063,123.3767677,142623200
4/30/2018,128.4880282,132.5535468,128.2581968,130.9685468,125.611418,169709600
5/1/2018,131.8799282,134.0909968,130.9764782,134.0117563,128.5301353,214277600
5/2/2018,138.8697718,140.866875,137.7365032,139.9317313,134.2079698,266157600
5/3/2018,139.3849032,140.66875,138.2437032,140.185325,134.4511754,136272800
5/4/2018,141.263125,146.018125,141.199725,145.685275,139.7261568,224805200
5/7/2018,146.7551437,148.728475,146.414375,146.7393032,140.7370984,169805600
5/8/2018,146.6045782,147.57935,145.558475,147.4446282,141.41357,113611200
5/9/2018,147.8408782,148.5144937,146.78685,148.4828,142.409248,92844800
5/10/2018,148.7839532,150.8682218,148.7126187,150.6066937,144.4462583,111957200
5/11/2018,150.1708282,150.6225468,148.5541218,149.4575718,143.896929,104848800
5/14/2018,149.7904218,150.202525,148.87905,149.1088687,143.561188,83115200
5/15/2018,148.02315,148.2529813,146.6917563,147.7537032,142.2564223,94780800
5/16/2018,147.4604813,149.3545563,147.405,149.1326437,143.584069,76732400
5/17/2018,148.99,149.7111782,147.6903,148.1895782,142.6760954,69176000
5/18/2018,148.3480782,148.8394218,147.5080282,147.6506718,142.1572394,73190800
5/21/2018,148.99,149.9964782,148.1261782,148.6967782,143.1644308,73603200
5/22/2018,149.2911532,149.6874032,148.02315,148.3243032,142.8058023,60962800
5/23/2018,147.6823813,149.38625,147.2147968,149.2753,143.721441,80233600
5/24/2018,149.6002282,149.6556968,147.5714313,149.1088687,143.561188,92936000
5/25/2018,149.1722718,150.2976187,148.7126187,149.44965,143.8892735,69844000
5/29/2018,148.6730063,149.584375,148.0944718,148.9107437,143.3704174,90056400
5/30/2018,148.7681,148.99,148.02315,148.59375,143.0652351,74762000
5/31/2018,148.37185,149.1722718,147.51595,148.0944718,142.5845173,109931200
6/1/2018,148.9820782,150.7810468,148.791875,150.7652032,145.1558977,93770000
6/4/2018,151.8747,153.28535,151.6448813,152.025275,146.3690757,105064800
6/5/2018,153.0079813,153.6974532,152.4453,153.1981718,147.4983533,86264000
6/6/2018,153.4517782,153.8084,152.0966,153.7291468,148.0095317,83734400
6/7/2018,153.85595,153.9034968,152.4294468,153.3170563,147.6128125,85388800
6/8/2018,151.502225,152.16,150.3927282,151.9222468,146.2699181,106627200
6/11/2018,151.6448813,152.136225,150.7414313,151.5497718,145.9112865,73234000
6/12/2018,151.676575,152.643425,151.4863687,152.3819,146.7124343,67644400
6/13/2018,152.49285,152.8574032,150.9237032,151.1297468,145.5068864,86553600
6/14/2018,151.8033782,151.8192313,150.74935,151.2090032,145.5831661,86440400
6/15/2018,150.598775,150.7018032,149.1960468,149.6556968,144.0876774,246876800
6/18/2018,148.8949032,149.95685,148.3559968,149.5764532,144.0113724,73939600
6/19/2018,146.72345,147.666525,145.3841218,147.1593282,141.6841517,134314000
6/20/2018,147.6823813,148.3559968,147.1910218,147.80125,142.3022035,82514800
6/21/2018,148.395625,149.2673813,146.5649532,146.9770563,141.5086891,102847600
6/22/2018,147.5000968,147.5238687,146.3747468,146.5491,141.0966334,108801600
6/25/2018,145.3444937,146.5491,143.2285218,144.369725,138.9983882,126652400
6/26/2018,145.0195782,147.825025,144.6629437,146.1607687,140.7227668,98276800
6/27/2018,146.7947718,148.4194,145.843775,145.9468032,140.5167834,101141200
6/28/2018,145.8992563,147.5714313,145.6615032,147.00875,141.5392098,69460800
6/29/2018,147.6348187,148.3480782,144.9561782,146.699675,141.2416229,90950800
7/2/2018,145.6773563,148.4352532,145.36035,148.3401437,142.8210627,70925200
7/3/2018,148.8235687,148.9503718,145.4554437,145.7566,140.3336398,55819200
7/5/2018,146.8185468,147.7299282,146.0419,146.9294937,141.4628826,66416800
7/6/2018,146.94535,149.3307687,146.7709968,148.966225,143.4238414,69940800
7/9/2018,150.17875,151.1138937,150.0202532,151.03465,145.4153083,79026400
7/10/2018,151.1376813,151.5894,150.7176437,150.8523813,145.2398108,63756400
7/11/2018,149.38625,150.40065,148.680925,148.8949032,143.3551792,75326000
7/12/2018,150.202525,151.6924282,150.0281718,151.391275,145.7586668,72164400
7/13/2018,151.4309,152.0331968,151.2882437,151.629025,145.9875662,50055600
7/16/2018,151.7796032,152.6751187,150.90785,151.2961782,145.6671014,60172400
7/17/2018,150.376875,152.0569718,149.9409968,151.7241218,146.0791317,62138000
7/18/2018,151.98565,152.0015032,150.5195187,150.8919937,145.2779744,65573600
7/19/2018,150.3293282,152.5958782,150.3293282,152.0649032,146.407252,81147200
7/20/2018,151.98565,152.5007687,150.709725,151.7162032,146.0715015,82704800
7/23/2018,151.1138937,152.1283063,150.2262968,151.850925,146.2012179,63957600
7/24/2018,152.5166218,153.4755532,152.1996282,152.9525,147.2617984,74791600
7/25/2018,153.0000468,154.4186313,152.5007687,154.3948563,148.6504993,66839600
7/26/2018,154.228425,155.2983063,153.435925,153.9114313,148.1850578,76304000
7/27/2018,154.5295782,154.6880782,150.6542563,151.3516468,145.7205254,96096000
7/30/2018,152.0807437,152.3184968,149.8379813,150.5036782,144.9041204,84118000
7/31/2018,150.8127532,152.27095,150.0519468,150.8048187,145.1940138,157492000
8/1/2018,157.8105282,159.8947968,156.3681718,159.68875,153.7474536,271742800
8/2/2018,158.95965,165.1411532,158.7773813,164.356575,158.2415689,249616000
8/3/2018,164.071275,165.4264532,162.8428968,164.8320782,158.6994057,133789600
8/6/2018,164.84,165.830625,164.1029813,165.6879813,159.5234567,101701600
8/7/2018,165.8861063,166.02875,163.8572968,164.134675,158.0279426,102349600
8/8/2018,163.2946282,164.6894218,162.0821032,164.245625,158.1347685,90102000
8/9/2018,166.052525,166.25065,164.2059968,165.5374032,159.3784894,93970400
8/10/2018,164.3328,165.7117563,163.785975,164.467525,158.9037344,98444800
8/13/2018,165.8781718,167.1778718,164.6022468,165.5294718,159.9297905,103563600
8/14/2018,166.5518032,166.8687968,165.0460468,166.226875,160.6036025,82992000
8/15/2018,165.80685,167.0114532,165.101525,166.6152032,160.9787625,115230400
8/16/2018,167.811875,169.4444218,167.589975,169.0561063,163.3370967,114001600
8/17/2018,169.1512032,172.7253718,168.9293032,172.43215,166.5989506,141708000
8/20/2018,172.8442563,173.7001437,170.474675,170.7520563,164.9756792,121150800
8/21/2018,171.8140032,172.1230782,169.618775,170.4191937,164.6540763,104639200
8/22/2018,169.6742563,171.4653,169.4681968,170.4271282,164.6617541,76072400
8/23/2018,170.1101187,172.0121282,170.0705063,170.7758282,164.9986775,75532800
8/24/2018,171.6555063,171.8932437,170.474675,171.3068032,165.5116723,73905600
8/27/2018,172.0913687,173.3514532,171.441525,172.7174532,166.8746011,82100400
8/28/2018,173.5654218,174.7779437,173.4941,174.1122468,168.2222252,91107200
8/29/2018,174.4688687,177.1158282,173.8824282,176.7116468,170.733664,109019200
8/30/2018,176.925625,180.8960468,176.2519937,178.336275,172.3033656,195175200
8/31/2018,179.5091718,181.3794718,179.105,180.3967782,174.2941446,173360400
9/4/2018,181.0149282,181.6251437,179.6042782,180.9753,174.8530885,109560400
9/5/2018,181.4745782,182.013475,178.3917563,179.7944718,173.7122245,133332000
9/6/2018,179.2872718,180.1748813,175.3802532,176.8067563,170.8255528,137160000
9/7/2018,175.8161313,178.6057218,174.9126813,175.3802532,169.4473129,150479200
9/10/2018,175.1028718,175.8161313,171.552475,173.026525,167.1731929,158066000
9/11/2018,172.7729218,177.7577532,171.6237968,177.4011313,171.3998205,142996000
9/12/2018,178.2649532,178.3125,174.2231968,175.1979813,169.2712099,197114800
9/13/2018,177.1396032,180.9673813,176.3867313,179.4299282,173.3600153,166825600
9/14/2018,178.906875,179.7706968,176.3471032,177.3931968,171.3921523,127997200
9/17/2018,176.0538687,176.6878718,172.1864782,172.6699032,166.828652,148780400
9/18/2018,172.5985687,175.8161313,172.0675968,172.9552032,167.1043025,126286800
9/19/2018,173.16125,174.0488468,170.6252532,173.0582218,167.2038341,108495200
9/20/2018,174.5402032,176.1569,173.6763687,174.373775,168.4748868,106435200
9/21/2018,174.96815,175.4278,172.2023187,172.4955532,166.6602362,384986800
9/24/2018,171.8298563,175.3485468,171.6792782,174.9760687,169.0568196,110773600
9/25/2018,174.151875,176.5848563,174.1122468,176.0855782,170.1287805,98217600
9/26/2018,175.1425,177.321875,174.1597968,174.68285,168.7735135,95938800
9/27/2018,177.3773563,179.4537032,177.1554437,178.2728718,172.24208,120724800
9/28/2018,178.1460687,178.9781968,177.5358532,178.8989532,172.8469889,91717600
10/1/2018,180.6503718,181.81535,179.3823813,180.1035468,174.0108163,94403200
10/2/2018,180.095625,182.275,179.6042782,181.7044,175.5575164,99152800
10/3/2018,182.3146282,185.024975,182.10065,183.9154813,177.6937953,114619200
10/4/2018,182.89315,184.1373813,179.6835218,180.6820782,174.5698078,128168000
10/5/2018,180.6583063,181.0149282,174.80965,177.7498187,171.7367313,134322000
10/8/2018,176.1014313,178.1540032,174.5084968,177.3377282,171.3385824,118655600
10/9/2018,177.2347,180.1114782,176.133125,179.7944718,173.7122245,107564000
10/10/2018,178.6770563,179.3823813,171.2196282,171.4653,165.6648118,167962400
10/11/2018,170.0071032,173.95375,168.2636063,169.9516218,164.2023228,212497600
10/12/2018,174.68285,176.6324032,171.8456968,176.022175,170.067517,161351600
10/15/2018,175.2693032,175.800275,172.1864782,172.2578,166.4304904,123164000
10/16/2018,173.5020187,176.7195782,171.7822968,176.0538687,170.0981614,116736000
10/17/2018,176.1727532,176.4422,173.8269468,175.2930782,169.3631018,91541600
10/18/2018,172.65405,174.1439532,168.8025,171.1958532,165.4044946,130325200
10/19/2018,172.8125468,175.3485468,172.3132687,173.8031718,167.9235731,132314800
10/22/2018,174.1835687,177.0128,173.5099532,174.8651187,168.9496197,115168400
10/23/2018,171.045275,176.925625,170.1497468,176.5135218,170.5422594,155071200
10/24/2018,176.4105063,177.7022718,170.0229437,170.4588218,164.6923858,163702000
10/25/2018,172.5351813,175.4436532,171.774375,174.1915032,168.2987585,119423200
10/26/2018,171.1007437,174.5005782,168.540975,171.4177532,165.6188849,189033600
10/29/2018,173.7080782,174.1043282,163.3263218,168.2002032,162.5101451,183742000
10/30/2018,167.3363687,170.5301437,165.8464782,169.0402532,163.3218109,146640000
10/31/2018,171.8774032,174.7066218,171.6713468,173.44655,167.5790195,153435600
11/1/2018,173.5971282,176.2203,171.8219218,176.10935,170.1517534,233292800
11/2/2018,166.0683782,169.3176187,162.8032687,164.4278968,158.8654756,365314800
11/5/2018,161.9077532,161.979075,157.049725,159.7600718,154.355542,264654800
11/6/2018,160.0216,162.2406,159.8393282,161.4877282,156.0247562,127531600
11/7/2018,163.231225,166.4725468,161.7730282,166.3853718,160.7567198,133697600
11/8/2018,166.4091468,166.5200968,163.849375,165.2283282,160.1958169,101450400
11/9/2018,162.8983782,163.2629218,160.283125,162.042475,157.1069942,137463200
11/12/2018,157.7075,158.3811313,153.5785687,153.879725,149.1928768,204542000
11/13/2018,151.8667782,156.2651437,151.7241218,152.3422718,147.7022731,187531600
11/14/2018,153.6657437,154.1253968,147.3495187,148.0390032,143.5300744,243204000
11/15/2018,149.299075,152.136225,148.1182437,151.6924282,147.0722134,185915200
11/16/2018,150.97125,154.513725,150.1470563,153.372525,148.7011211,147713200
11/19/2018,150.575,151.1297468,146.6045782,147.29405,142.8077963,167701200
11/20/2018,141.3582218,143.814975,139.0916718,140.2566468,135.9847326,271300800
11/21/2018,142.4360218,142.8639782,139.9158782,140.09815,135.8310732,124496800
11/23/2018,138.6399532,139.9555063,136.3892563,136.5398187,132.3811179,94496000
11/26/2018,138.0852032,138.6478718,134.9310468,138.3863468,134.171388,179994000
11/27/2018,135.9216718,138.5052282,135.4224032,138.0852032,133.8794247,165549600
11/28/2018,140.0585218,143.6723187,138.6320187,143.3949532,139.0274476,184250000
11/29/2018,144.7580532,144.8690032,140.8272468,142.2933782,137.9594303,167080000
11/30/2018,142.8798187,142.911525,140.296275,141.52465,137.2141252,158126000
12/3/2018,146.1845563,146.5649532,143.6089313,146.4698563,142.0087058,163210000
12/4/2018,143.4028718,144.544075,139.6939782,140.0268282,135.761926,165377200
12/6/2018,136.1197968,138.51315,135.05785,138.4656,134.248251,172393600
12/7/2018,137.4908282,138.2833282,133.3777532,133.5283282,129.4613386,169126400
12/10/2018,130.7625,134.7963218,129.439025,134.4080063,130.3142271,248104000
12/11/2018,136.0405532,136.1435687,132.3475,133.6392782,129.5689126,189126800
12/12/2018,135.0419937,136.2466,133.9483532,134.0117563,129.9300453,142510800
12/13/2018,135.1133282,136.7617313,134.3683782,135.4778718,131.351505,127594400
12/14/2018,133.9325,133.9959,130.9844,131.1428968,127.14857,162814800
12/17/2018,131.1191218,133.4173813,128.9635218,129.9224532,125.9652978,177151600
12/18/2018,131.0636532,132.767525,130.279075,131.6104813,127.6019086,135366000
12/19/2018,131.555,132.7041218,126.0788218,127.505325,123.6218024,196189200
12/20/2018,127.1169937,128.472175,123.0752532,124.287775,120.5022403,259092000
12/21/2018,124.31155,125.3418032,118.5817782,119.4535218,115.8152368,382978400
12/24/2018,117.4088687,120.1033782,116.1725718,116.362775,112.8186072,148676800
12/26/2018,117.5277532,124.6047718,116.2756,124.557225,120.7634863,234330000
12/27/2018,123.5031968,124.2402282,118.9304813,123.7488687,119.9797672,212468400
12/28/2018,124.81875,125.6271032,122.4808782,123.8122718,120.0412208,169165600
12/31/2018,125.635025,126.2928,124.0103968,125.0089532,121.2014693,140014000
1/2/2019,122.750325,125.8886313,122.2272718,125.1516,121.3397479,148158800
1/3/2019,114.1041468,115.4831,112.535,112.6855782,109.2534223,365248800
1/4/2019,114.540025,117.7258782,113.9615032,117.4960468,113.9173895,234428400
1/7/2019,117.8447468,117.947775,115.6257437,117.2345187,113.663818,219111200
1/8/2019,118.5262968,120.3173563,117.7021032,119.469375,115.8305827,164101200
1/9/2019,119.8973187,122.465025,118.5817782,121.4981718,117.7975994,180396400
1/10/2019,120.85625,122.021225,119.55655,121.8865032,118.1740655,143122800
1/11/2019,121.1574032,121.8072468,120.0716718,120.6898187,117.0138772,108092800
1/14/2019,119.5486313,119.8814782,118.25685,118.875,115.2543338,129756800
1/15/2019,119.0889782,121.561575,118.9146282,121.3079813,117.6131974,114843600
1/16/2019,121.3159,123.5349032,121.2525,122.7899532,119.0500411,122278800
1/17/2019,122.2034968,124.9455532,121.4585468,123.51905,119.756913,119284800
1/18/2019,124.81875,125.1199032,123.6141468,124.2798563,120.4945593,135004000
1/22/2019,123.9549282,124.2085218,120.9513468,121.4902532,117.7899312,121576000
1/23/2019,122.1638687,122.94845,120.2222468,121.9816,118.2662839,92522400
1/24/2019,122.132175,122.4253968,120.2539532,121.0147468,117.3289276,101766000
1/25/2019,123.2178968,125.3180282,122.2986063,125.0247968,121.216828,134142000
1/28/2019,123.4635687,123.891525,121.7755532,123.8677532,120.0950094,104768400
1/29/2019,123.828125,125.3180282,122.132175,122.5838937,118.8502582,166348800
1/30/2019,129.375625,131.6738687,126.9822718,130.960625,126.9718362,244439200
1/31/2019,131.642175,133.9325,130.4137968,131.9037032,127.8862037,162958400
2/1/2019,132.3158063,133.9166468,131.4995187,131.9671032,127.9476605,130672400
2/4/2019,132.6724282,136.0405532,132.5694,135.715625,131.5820274,125982000
2/5/2019,136.99155,138.7509,136.5873813,138.0376437,133.8333297,144406400
2/6/2019,138.4101187,139.1392313,136.9836313,138.0852032,133.8794247,112958400
2/7/2019,136.6269937,137.8474532,134.9944468,135.4699532,131.3438273,126966800
2/8/2019,133.9245782,135.2480532,133.47285,135.0499282,131.4981524,95280000
2/11/2019,135.5571282,135.6839313,134.130625,134.2732687,130.7419172,83973600
2/12/2019,134.8042563,135.5175,134.4872468,135.430325,131.8685479,89134000
2/13/2019,135.826575,136.6903968,134.6616,134.8676437,131.3206831,89960800
2/14/2019,134.4951813,135.7235468,134.2336532,135.3590032,131.7991122,87342800
2/15/2019,135.715625,136.0722468,134.526875,135.05785,131.5058555,98507200
2/19/2019,134.4951813,135.8662032,134.3208282,135.4620187,131.8994078,75891200
2/20/2019,135.6680782,137.3561063,135.5095782,136.333775,132.7482609,104457600
2/21/2019,136.1515032,136.6032218,134.9627532,135.5650468,131.9997415,68998800
2/22/2019,135.97715,137.1025,135.8186532,137.078725,133.4736108,75652800
2/25/2019,138.0218032,139.3769718,137.8553718,138.0772718,134.445891,87493600
2/26/2019,137.6651813,138.9252532,137.237225,138.156525,134.5230552,68280800
2/27/2019,137.2689313,138.6875,136.8885218,138.5844718,134.939739,111341600
2/28/2019,138.1486063,138.6161782,137.0391,137.2213687,133.6124948,112861600
3/1/2019,138.1169,138.8063687,137.015325,138.663725,135.0169158,103544800
3/4/2019,139.2343282,140.866875,137.871225,139.3611313,135.6959742,109744800
3/5/2019,139.4324532,139.48,138.3229437,139.107525,135.4490565,78949600
3/6/2019,138.425975,139.0758282,137.8474532,138.3071032,134.6696772,83241600
3/7/2019,137.7919718,138.2437032,136.3258532,136.70625,133.1109184,99185600
3/8/2019,134.9786063,137.1579813,134.32875,137.0311782,133.4272971,95997600
3/11/2019,139.0758282,141.9525968,138.9648813,141.7782437,138.0495312,128044000
3/12/2019,142.65,144.765975,142.1507218,143.3711782,139.6005646,129870400
3/13/2019,144.433125,145.2652532,143.3791,144.0051813,140.2179031,124130000
3/14/2019,145.7407437,145.8992563,144.6787968,145.6060218,141.7766238,94318000
3/15/2019,146.4936313,148.459025,145.6139532,147.5000968,143.6209013,156171600
3/18/2019,147.2465032,149.299075,147.2385687,149.0058532,145.0870453,104879200
3/19/2019,149.2673813,149.7745782,147.3416,147.825025,143.9372673,126585600
3/20/2019,147.5872718,150.1708282,146.3985218,149.1168032,145.1950535,124140800
3/21/2019,150.5908532,155.591525,150.4244218,154.6088218,150.5426533,204136800
3/22/2019,154.8069468,156.6693282,151.19315,151.4071282,147.4251834,169630800
3/25/2019,151.7716718,152.1441468,147.8805063,149.5764532,145.6426385,175381200
3/26/2019,151.8905532,152.8574032,146.27965,148.0310687,144.1378966,199202000
3/27/2019,149.584375,150.3847968,147.8408782,149.362475,145.4343061,119393600
3/28/2019,149.7428718,150.2262968,148.617525,149.5606,145.6272069,83121600
3/29/2019,150.440275,150.6384,149.4179437,150.5353718,146.5763303,94256000
4/1/2019,151.8747,151.9063937,149.2911532,151.5577032,147.57178,111448000
4/2/2019,151.4388218,154.1095563,151.4071282,153.7608532,149.7170078,91062800
4/3/2019,153.150625,155.72625,153.0713687,154.8148813,150.7432921,93087200
4/4/2019,154.3710687,155.6232218,153.06345,155.0843282,151.005654,76457200
4/5/2019,155.6866218,156.2017563,155.2745187,156.1225,152.0165321,74106400
4/8/2019,155.66285,158.6822718,155.5994468,158.5792563,154.4086902,103526800
4/9/2019,158.7536063,160.7586313,157.8897718,158.10375,153.9456769,143072800
4/10/2019,157.4538937,159.0864532,157.0576437,158.9913468,154.8099108,86781200
4/11/2019,159.1736313,159.2925,157.2637032,157.6678718,153.5212741,83603200
4/12/2019,157.8659968,158.61095,155.4964313,157.6044718,153.4595193,111042800
4/15/2019,157.37465,158.3811313,156.9229218,157.8897718,153.7373223,70146400
4/16/2019,158.0720563,159.5857218,157.3587968,157.905625,153.7527633,102785600
4/17/2019,158.1354437,161.1786532,157.398425,160.9805282,156.7467935,115627200
4/18/2019,160.9725968,161.7888687,160.4971032,161.55905,157.3101025,96783200
4/22/2019,160.742775,162.4149532,160.3544468,162.090025,157.8271326,77758000
4/23/2019,162.0107687,164.641875,161.5907437,164.4278968,160.1035001,93292000
4/24/2019,164.3328,165.2203968,164.0871282,164.1743032,159.8565603,70162400
4/25/2019,163.912775,164.6497968,162.5575968,162.6844,158.4058478,74172800
4/26/2019,162.3832437,162.4625,160.1800968,161.9077532,157.6496253,74596400
4/29/2019,161.9869937,163.231225,161.55905,162.153425,157.8888399,88818800
4/30/2019,160.9250468,161.1944937,157.794675,159.030975,154.8485214,186139600
5/1/2019,166.3299032,170.6331718,165.8147718,166.8371032,162.4493318,259309200
5/2/2019,166.2981968,168.5251187,164.9430282,165.7513687,161.3921622,127985200
5/3/2019,167.130325,167.8831968,166.6072718,167.811875,163.3984774,83569600
5/6/2019,161.8998187,165.5056968,161.27375,165.2203968,160.8751415,129772400
5/7/2019,163.1599032,164.38035,159.157775,160.76655,156.5384611,155054800
5/8/2019,160.0057437,162.7319468,159.886875,160.7982437,156.5693083,105358000
5/9/2019,158.8169937,159.8313937,155.8530532,159.0706,154.8870971,139634400
5/10/2019,156.45535,157.5886313,152.7702282,156.2651437,152.7413526,164834800
5/13/2019,148.7601813,150.1628968,144.9086313,147.1831,143.8641195,229722400
5/14/2019,147.7299282,150.3372468,146.9374282,149.5130532,146.1415553,146118800
5/15/2019,147.6189782,151.961875,147.4208532,151.3041,147.89221,106178800
5/16/2019,150.5036782,152.532475,149.6556968,150.6384,147.2415326,132125600
5/17/2019,148.1420187,151.2882437,148.0072968,149.7825,146.4049189,131516400
5/20/2019,145.4396032,146.0973813,142.8719,145.0988218,141.8268588,154449200
5/21/2019,146.78685,148.99,146.3747468,147.8805063,144.5458153,113459200
5/22/2019,146.3430532,147.1751813,144.6708782,144.85315,141.5867345,118994400
5/23/2019,142.4915032,143.0779437,140.9144218,142.3805532,139.1699233,146118800
5/24/2019,142.8084968,144.34595,141.5563468,141.833725,138.635382,94858800
5/28/2019,141.7941,143.1175718,140.9936782,141.2472718,138.0621573,111792800
5/29/2019,139.81285,142.1348813,139.48,140.5736532,137.4037388,113924800
5/30/2019,141.0253718,142.0397718,140.010975,141.3027532,138.1163801,84873600
5/31/2019,139.6622718,141.0570782,138.6795782,138.7429813,135.6143625,108174400
6/3/2019,139.1630063,141.0016,134.9389782,137.3402532,134.2432202,161584400
6/4/2019,139.0362032,142.515275,138.3071032,142.3647,139.1543839,123872000
6/5/2019,146.0419,146.6045782,143.55345,144.6629437,141.4008235,119093600
6/6/2019,145.0909,146.984975,144.3538687,146.78685,143.4768184,90105200
6/7/2019,147.8091718,152.0966,147.2227282,150.6938687,147.2957206,122737600
6/10/2019,152.0094218,154.8307218,151.8588468,152.61965,149.1780888,104883600
6/11/2019,154.42655,155.33,153.4280063,154.3869218,150.9055137,107731600
6/12/2019,153.7053718,155.306225,153.261575,153.8955782,150.4252334,73012800
6/13/2019,154.2997468,155.9560687,153.4280063,153.8638687,150.3942276,86698400
6/14/2019,151.8033782,153.4200718,150.8127532,152.7464532,149.3020263,75046000
6/17/2019,152.8732437,154.5058063,152.294725,153.657825,150.1928628,58676400
6/18/2019,155.3696282,158.7298187,154.7039313,157.2716218,153.7251431,106204000
6/19/2019,158.2463937,158.4049032,156.3681718,156.8119718,153.2758685,84496800
6/20/2019,158.7932218,158.983425,156.938775,158.0720563,154.5075213,86056000
6/21/2019,157.5490032,159.1736313,157.0338687,157.53315,153.9807941,191202400
6/24/2019,157.3429437,158.6268032,157.049725,157.37465,153.8258509,72881600
6/25/2019,157.2557687,157.9135468,154.7673187,154.9892313,151.4942429,84281200
6/26/2019,156.7327282,159.2845782,156.3998813,158.3415032,154.7709103,104270000
6/27/2019,158.7298187,159.7442313,158.1592313,158.2939532,154.7244381,83598800
6/28/2019,157.4538937,158.10375,156.1621282,156.8516,153.3145996,124442400
7/1/2019,161.012225,162.0583282,159.0151187,159.7283782,156.1265037,109012000
7/2/2019,159.6174282,160.9805282,159.5778,160.6635218,157.0405574,67740800
7/3/2019,161.0994,162.0187032,160.6318282,161.9949282,158.3419501,45448000
7/5/2019,161.1548813,162.5259,160.7982437,161.8522718,158.2024987,69062000
7/8/2019,159.1419218,159.6094937,157.2399282,158.5158532,154.9413326,101354400
7/9/2019,157.8659968,159.6966718,157.5569218,159.4827032,155.8863667,82312000
7/10/2019,159.9661313,161.4560218,159.7362968,161.0597718,157.4278838,71588400
7/11/2019,161.1231718,161.979075,159.8551813,159.886875,156.2814343,80767200
7/12/2019,160.4416218,161.67,160.2434968,161.1152532,157.482094,70380800
7/15/2019,161.7413218,163.1519718,161.67,162.6289313,158.9616598,67789600
7/16/2019,162.1375718,163.342175,161.27375,162.06625,158.4116521,67467200
7/17/2019,161.7096282,162.5338218,161.0914782,161.1548813,157.5208282,56430000
7/18/2019,161.67,163.1599032,161.4322468,162.9855532,159.3102266,74162400
7/19/2019,163.0885687,163.65125,160.3703,160.5525718,156.9321243,83717200
7/22/2019,161.3926187,164.2297718,161.360925,164.22185,160.5186655,89111600
7/23/2019,165.2045563,165.5611782,164.2773187,165.5056968,161.7735607,73420800
7/24/2019,164.578475,165.7513687,164.182225,165.370975,161.6418726,59966400
7/25/2019,165.545325,165.8227032,163.8335218,164.0633532,160.3637349,55638400
7/26/2019,164.4278968,166.2110218,164.15845,164.6339532,160.9214552,70475600
7/29/2019,165.2045563,166.9322,165.1887032,166.1713937,162.4242381,86693600
7/30/2019,165.4422968,166.5518032,164.2931718,165.45815,161.7270663,135742800
7/31/2019,171.51285,175.4357218,167.4552532,168.8341937,165.0269888,277125600
8/1/2019,169.5157437,172.788775,163.8414532,165.1807687,161.4559489,216071600
8/2/2019,162.882525,163.5957687,159.7917782,161.6858532,158.0398523,163448400
8/5/2019,156.9070782,157.4301187,152.61965,153.2219468,149.76678,209572000
8/6/2019,155.5756718,156.9704813,153.7766937,156.1225,152.601936,143299200
8/7/2019,154.8624282,158.1512968,153.6023563,157.7391937,154.1821842,133457600
8/8/2019,158.6584968,161.297525,158.016575,161.2182687,157.5828144,108038000
8/9/2019,159.5302532,160.6872968,157.9373187,159.2845782,156.2842619,98478800
8/12/2019,158.1988468,160.1246282,157.8263687,158.8803968,155.8876981,89927600
8/13/2019,159.3083532,168.12095,158.8803968,165.608725,162.489296,188874000
8/14/2019,161.0043032,163.6037032,160.5525718,160.679375,157.6528048,146189600
8/15/2019,161.2420563,162.57345,158.238475,159.8789532,156.8674532,108909600
8/16/2019,161.8919,164.1743032,161.5431968,163.65125,160.5686913,110481600
8/19/2019,166.9163468,168.5885218,166.448775,166.7023813,163.5623569,97654400
8/20/2019,167.1224032,169.0798813,166.6786063,166.7103,163.5701075,107537200
8/21/2019,168.7945782,169.3176187,167.6930063,168.5172,165.3429807,86141600
8/22/2019,168.9530782,169.9437032,167.019375,168.3745563,165.2030316,89014800
8/23/2019,165.9732687,168.0496282,159.2925,160.5922,157.5672624,187272000
8/26/2019,163.14405,164.1980782,162.5100468,163.6433282,160.560928,104174400
8/27/2019,164.72905,165.2758782,161.297525,161.7968032,158.7491683,103493200
8/28/2019,161.7492563,163.0331,161.1311063,162.882525,159.8144405,63755200
8/29/2019,165.23625,165.8861063,163.7780532,165.6404218,162.5203874,83962000
8/30/2019,166.5518032,166.7816218,164.2059968,165.4264532,162.3104605,84573600
