Date,ts_polarity,twitter_volume
1/1/2016,0.4,1000
1/2/2016,0.140774162,495
1/3/2016,0.181131635,518
1/4/2016,0.070388778,1133
1/5/2016,0.13363479,1430
1/6/2016,0.072041936,1949
1/7/2016,0.07436948,2289
1/8/2016,0.051594774,2235
1/9/2016,0.03234206,892
1/10/2016,0.145921634,625
1/11/2016,0.01944325,1222
1/12/2016,0.121363571,1293
1/13/2016,0.107713866,1292
1/14/2016,0.039248108,1264
1/15/2016,0.093784028,1336
1/16/2016,0.086549321,732
1/17/2016,0.175943172,416
1/18/2016,0.166889576,585
1/19/2016,0.120584928,960
1/20/2016,0.024678657,1412
1/21/2016,0.124546079,1082
1/22/2016,0.096273156,1200
1/23/2016,0.103979187,829
1/24/2016,0.111102743,416
1/25/2016,0.05914038,874
1/26/2016,0.060450716,1743
1/27/2016,0.058255709,5511
1/28/2016,0.051211339,2143
1/29/2016,0.082394047,1542
1/30/2016,0.077892993,1009
1/31/2016,-0.0725002,333
2/1/2016,0.037313829,660
2/2/2016,0.095290315,1410
2/3/2016,0.092703597,999
2/4/2016,0.123245699,1114
2/5/2016,0.110406223,823
2/6/2016,0.113989677,598
2/7/2016,0.14967623,366
2/8/2016,0.061634278,795
2/9/2016,0.099071326,1188
2/10/2016,0.073527617,1045
2/11/2016,0.071486895,1194
2/12/2016,0.053296592,1014
2/13/2016,0.079208043,1148
2/14/2016,-0.020861418,523
2/15/2016,0.105942086,762
2/16/2016,0.041126498,1272
2/17/2016,0.039957902,2215
2/18/2016,0.03798726,2418
2/19/2016,0.057314929,2226
2/20/2016,0.065835861,2180
2/21/2016,0.120608752,756
2/22/2016,0.065871955,1536
2/23/2016,0.059713644,2078
2/24/2016,0.01740105,1843
2/25/2016,-0.030528219,1839
2/26/2016,0.019645666,2319
2/27/2016,0.027827357,1277
2/28/2016,0.028766413,541
2/29/2016,0.274160573,152
3/1/2016,0.042562766,1427
3/2/2016,0.053848713,1876
3/3/2016,0.039977786,1536
3/4/2016,0.036094008,1893
3/5/2016,0.096016929,806
3/6/2016,0.164607627,517
3/7/2016,-0.042324588,1116
3/8/2016,-0.025117231,1703
3/9/2016,0.013739814,1113
3/10/2016,0.022060267,1289
3/11/2016,-0.036876301,1817
3/12/2016,-0.035632184,877
3/13/2016,0.010582152,303
3/14/2016,0.063526497,868
3/15/2016,0.077844038,1446
3/16/2016,-0.059234496,1561
3/17/2016,0.015097426,1911
3/18/2016,0.045585235,1406
3/19/2016,0.057627672,739
3/20/2016,-0.026932768,531
3/21/2016,0.003023031,3052
3/22/2016,0.059975796,3841
3/23/2016,0.044769642,1866
3/24/2016,0.075022678,1883
3/25/2016,-0.012269333,1222
3/26/2016,0.020542812,510
3/27/2016,0.039101651,395
3/28/2016,0.023754492,1086
3/29/2016,0.063638998,2138
3/30/2016,0.111083081,2037
3/31/2016,0.041151417,536
4/1/2016,0.048219625,1066
4/2/2016,0.071397443,748
4/3/2016,0.169975431,450
4/4/2016,0.128882909,1124
4/5/2016,0.056832116,1541
4/6/2016,0.056514911,1287
4/7/2016,0.063461089,1354
4/8/2016,0.047034576,1359
4/9/2016,-0.004861298,775
4/10/2016,0.118338596,385
4/11/2016,0.081283259,841
4/12/2016,0.100048484,1226
4/13/2016,0.132925413,1283
4/14/2016,0.071642653,1315
4/15/2016,0.068978804,1791
4/16/2016,0.025500113,1084
4/17/2016,0.048494888,428
4/18/2016,0.054706187,1127
4/19/2016,0.083393536,2051
4/20/2016,0.084601875,1392
4/21/2016,0.096163588,1314
4/22/2016,0.104014181,1663
4/23/2016,0.024470078,910
4/24/2016,0.095985906,416
4/25/2016,0.103919164,1145
4/26/2016,0.044244268,2086
4/27/2016,0.017513111,7083
4/28/2016,0.012646542,2798
4/29/2016,0.048897795,3014
4/30/2016,0.035880051,471
5/1/2016,0.005456375,297
5/2/2016,-0.0104775,1183
5/3/2016,0.040368573,2439
5/4/2016,0.070345586,2011
5/5/2016,0.046769792,1654
5/6/2016,0.022494534,2110
5/7/2016,0.064470913,760
5/8/2016,-0.007213288,427
5/9/2016,0.1051738,920
5/10/2016,0.053812376,1377
5/11/2016,0.06070478,1350
5/12/2016,0.0648787,2486
5/13/2016,0.064056986,2550
5/14/2016,0.099306522,897
5/15/2016,0.017119456,340
5/16/2016,0.077478123,2587
5/17/2016,0.030325318,2553
5/18/2016,0.07861065,1847
5/19/2016,0.090514499,1528
5/20/2016,0.048872776,1587
5/21/2016,0.005594359,911
5/22/2016,0.061395429,457
5/23/2016,0.07255739,1226
5/24/2016,0.074925018,1699
5/25/2016,0.073531177,1957
5/26/2016,0.052448637,1805
5/27/2016,0.070730697,1414
5/28/2016,0.083853219,495
5/29/2016,0.135203535,208
5/30/2016,0.014188251,601
5/31/2016,0.083444798,285
6/1/2016,-0.001314118,822
6/2/2016,0.044610545,1692
6/3/2016,0.048157932,1338
6/4/2016,0.053259003,501
6/5/2016,0.060658783,246
6/6/2016,0.122611079,749
6/7/2016,0.091847668,1021
6/8/2016,0.07798372,1026
6/9/2016,0.082038175,1465
6/10/2016,0.113624566,1454
6/11/2016,-0.007277677,836
6/12/2016,0.118649892,108
6/13/2016,0.025165662,1200
6/14/2016,0.039990009,3961
6/15/2016,0.095589982,1666
6/16/2016,0.102222784,1179
6/17/2016,0.045837708,1271
6/18/2016,0.056542305,483
6/19/2016,0.113214078,1313
6/20/2016,0.197476898,1119
6/21/2016,0.098631902,1544
6/22/2016,-0.004961427,1346
6/23/2016,0.05568097,1020
6/24/2016,0.069025432,1090
6/25/2016,0.040685019,528
6/26/2016,0.028168854,271
6/27/2016,0.052903965,815
6/28/2016,0.030595399,859
6/29/2016,0.027515257,1029
6/30/2016,0.002946834,209
7/1/2016,0.068111652,1002
7/2/2016,0.060971879,671
7/3/2016,0.111533914,269
7/4/2016,0.083760555,492
7/5/2016,0.075541969,809
7/6/2016,0.004156862,1015
7/7/2016,0.007375009,897
7/8/2016,0.040565473,976
7/9/2016,0.1091648,477
7/10/2016,0.098700903,234
7/11/2016,0.071587369,656
7/12/2016,0.052120495,924
7/13/2016,0.052049881,774
7/14/2016,0.074959057,1276
7/15/2016,0.03955714,944
7/16/2016,0.117036725,560
7/17/2016,0.093739185,287
7/18/2016,0.129731764,1010
7/19/2016,0.009482631,1170
7/20/2016,0.043531898,1116
7/21/2016,0.051542879,1345
7/22/2016,0.093392863,1202
7/23/2016,0.14592377,682
7/24/2016,0.139949291,545
7/25/2016,0.090126932,1213
7/26/2016,0.086241835,1865
7/27/2016,0.069447415,5173
7/28/2016,0.103389514,2342
7/29/2016,0.065633477,1570
7/30/2016,0.106456575,780
7/31/2016,0.05498557,110
8/1/2016,0.092078772,812
8/2/2016,0.098600662,1707
8/3/2016,0.115000345,885
8/4/2016,0.064500757,1513
8/5/2016,0.081748202,1476
8/6/2016,-0.032940473,683
8/7/2016,0.021261852,467
8/8/2016,0.045386425,1178
8/9/2016,0.074309403,1563
8/10/2016,0.039455388,1618
8/11/2016,0.064802556,1677
8/12/2016,0.125495347,992
8/13/2016,0.090322341,586
8/14/2016,0.155327015,482
8/15/2016,0.077025933,1482
8/16/2016,0.065696141,2193
8/17/2016,0.075812632,1715
8/18/2016,-0.008066962,1238
8/19/2016,0.061417278,1345
8/20/2016,0.046126502,830
8/21/2016,0.14619878,477
8/22/2016,0.062133052,1122
8/23/2016,0.020396106,1331
8/24/2016,0.027723628,1158
8/25/2016,0.045335529,1733
8/26/2016,0.020983559,1921
8/27/2016,0.083087427,978
8/28/2016,0.149503643,572
8/29/2016,-0.016925965,1548
8/30/2016,-0.047489911,4271
8/31/2016,-0.061655619,1088
9/1/2016,0.031359112,1774
9/2/2016,0.055845716,2159
9/3/2016,0.048684716,924
9/4/2016,0.057525988,667
9/5/2016,0.044604803,152
9/6/2016,0.087911499,1117
9/7/2016,0.040068729,4486
9/8/2016,0.028742176,7025
9/9/2016,0.053575952,5594
9/10/2016,0.036769608,1811
9/11/2016,0.010888069,727
9/12/2016,0.081880819,1652
9/13/2016,0.05186054,2522
9/14/2016,0.074549317,3897
9/15/2016,0.111114256,3610
9/16/2016,0.084228683,3476
9/17/2016,0.127305715,1366
9/18/2016,0.099967246,695
9/19/2016,0.036759411,1732
9/20/2016,0.126819454,1809
9/21/2016,0.008016465,2227
9/22/2016,0.076237456,1756
9/23/2016,0.040436879,1706
9/24/2016,0.050019243,1176
9/25/2016,-0.01895445,514
9/26/2016,0.064555704,1211
9/27/2016,0.037265143,1270
9/28/2016,0.075786784,1423
9/29/2016,0.092900842,1861
9/30/2016,0.02221697,395
10/1/2016,0.023082066,523
10/2/2016,0.120374383,373
10/3/2016,0.064991355,964
10/4/2016,0.037703189,1197
10/5/2016,0.058547477,1102
10/6/2016,0.057712018,1289
10/7/2016,0.10807827,951
10/8/2016,0.096363028,379
10/9/2016,0.008248238,276
10/10/2016,0.122678028,875
10/11/2016,0.080219382,1736
10/12/2016,0.111056874,1506
10/13/2016,0.068727785,1104
10/14/2016,0.098759895,1005
10/15/2016,0.015802942,584
10/16/2016,0.050133894,355
10/17/2016,0.07936966,972
10/18/2016,0.110380949,1388
10/19/2016,-0.012141229,1192
10/20/2016,0.077335319,1149
10/21/2016,0.090242471,974
10/22/2016,0.102833121,594
10/23/2016,0.096595757,570
10/24/2016,0.030617758,1165
10/25/2016,0.086242278,1986
10/26/2016,0.084428074,5213
10/27/2016,0.047472643,2406
10/28/2016,-0.012130165,2886
10/29/2016,0.127574808,888
10/30/2016,0.035634723,578
10/31/2016,-0.057831294,175
11/1/2016,0.077409123,1014
11/2/2016,0.042475823,1375
11/3/2016,0.023721362,1128
11/4/2016,0.097891074,1026
11/5/2016,-0.061963981,608
11/6/2016,0.056025209,285
11/7/2016,0.078054541,948
11/8/2016,-0.035360773,1032
11/9/2016,-0.002498168,1135
11/10/2016,0.078221854,1140
11/11/2016,0.089015804,978
11/12/2016,0.066282055,584
11/13/2016,0.140432843,373
11/14/2016,0.045464885,925
11/15/2016,0.020854617,1332
11/16/2016,-0.007080613,1366
11/17/2016,0.044667503,1139
11/18/2016,0.060904432,1111
11/19/2016,-0.010305531,822
11/20/2016,0.101065379,439
11/21/2016,0.012415252,1169
11/22/2016,0.054839764,1207
11/23/2016,0.134934001,1011
11/24/2016,0.082819212,694
11/25/2016,0.168166865,816
11/26/2016,0.217740932,433
11/27/2016,0.105814792,354
11/28/2016,0.130119505,859
11/29/2016,0.124698605,1156
11/30/2016,0.147271767,330
12/1/2016,0.101239221,768
12/2/2016,0.050023665,996
12/3/2016,0.103717076,823
12/4/2016,0.135368572,444
12/5/2016,0.057156505,744
12/6/2016,0.14035591,1125
12/7/2016,0.110906845,1631
12/8/2016,0.082993663,1655
12/9/2016,0.06318719,1344
12/10/2016,0.095415772,732
12/11/2016,0.172250389,399
12/12/2016,0.148273536,724
12/13/2016,0.032445517,1641
12/14/2016,0.069473012,1523
12/15/2016,0.070224792,1156
12/16/2016,0.13221597,1120
12/17/2016,0.094763688,610
12/18/2016,0.024428682,329
12/19/2016,0.122359067,779
12/20/2016,0.115038472,1014
12/21/2016,0.041485268,1023
12/22/2016,0.088028718,1031
12/23/2016,0.066512641,794
12/24/2016,0.053489146,367
12/25/2016,0.188933308,194
12/26/2016,0.09977381,489
12/27/2016,0.054105298,699
12/28/2016,0.012954809,800
12/29/2016,0.138701602,835
12/30/2016,0.001856482,788
12/31/2016,0.135606912,383
1/1/2017,0.177394917,202
1/2/2017,0.141950334,469
1/3/2017,-0.017952099,739
1/4/2017,0.089383363,830
1/5/2017,0.021735621,1337
1/6/2017,0.113138564,1265
1/7/2017,0.051840474,857
1/8/2017,0.099723618,436
1/9/2017,0.138938764,1120
1/10/2017,0.072353952,1411
1/11/2017,-0.004991332,1189
1/12/2017,0.107570206,1284
1/13/2017,0.045502929,1175
1/14/2017,0.122927661,575
1/15/2017,0.103489881,450
1/16/2017,0.12407689,411
1/17/2017,0.103722789,955
1/18/2017,0.040511029,993
1/19/2017,0.054407316,1015
1/20/2017,0.143748521,730
1/21/2017,0.079468684,632
1/22/2017,0.139866514,532
1/23/2017,0.034533734,931
1/24/2017,0.10808049,1098
1/25/2017,0.055792578,1247
1/26/2017,0.031128536,1194
1/27/2017,0.024594096,907
1/28/2017,0.048565841,528
1/29/2017,0.105722243,428
1/30/2017,0.073126036,962
1/31/2017,0.183278632,392
2/1/2017,0.084511432,2816
2/2/2017,0.067225945,2088
2/3/2017,0.056008378,1360
2/4/2017,0.147293711,662
2/5/2017,0.039014238,474
2/6/2017,0.034432109,872
2/7/2017,0.062668865,1254
2/8/2017,0.078208558,1261
2/9/2017,0.083953306,1037
2/10/2017,0.019754258,1067
2/11/2017,0.013495092,580
2/12/2017,-0.074222235,330
2/13/2017,0.008370334,1197
2/14/2017,-0.005931984,1703
2/15/2017,0.040636213,1801
2/16/2017,0.065215054,1123
2/17/2017,0.076694111,1000
2/18/2017,0.09554452,593
2/19/2017,0.07718153,373
2/20/2017,0.082696354,621
2/21/2017,0.066067585,919
2/22/2017,0.085419058,1132
2/23/2017,0.068797546,1011
2/24/2017,0.03193221,1038
2/25/2017,0.0368615,579
2/26/2017,0.110985683,338
2/27/2017,0.070008653,1046
2/28/2017,0.060034949,380
3/1/2017,0.120263632,740
3/2/2017,0.081094993,1018
3/3/2017,0.057956853,972
3/4/2017,0.127120668,471
3/5/2017,0.132338941,332
3/6/2017,0.059286085,724
3/7/2017,0.078693651,896
3/8/2017,0.017570604,323
3/9/2017,0.207311532,483
3/10/2017,0.165476792,582
3/11/2017,0.178434351,378
3/12/2017,0.20177591,243
3/13/2017,0.114217687,84
3/14/2017,0.100752227,379
3/15/2017,0.03852967,590
3/16/2017,0.057111775,802
3/17/2017,0.047597512,728
3/18/2017,0.103387386,520
3/19/2017,0.169488252,83
3/20/2017,0.099787609,504
3/21/2017,0.100939266,1450
3/22/2017,0.042185543,1094
3/23/2017,0.092028895,715
3/24/2017,0.034855579,698
3/25/2017,0.080387521,283
3/26/2017,0.263722773,191
3/27/2017,0.131441753,571
3/28/2017,0.10865374,129
3/29/2017,0.039045722,643
3/30/2017,0.125301294,723
3/31/2017,0.11378862,148
4/1/2017,0.088949013,181
4/2/2017,0.122782607,245
4/3/2017,0.118620165,630
4/4/2017,0.070829866,677
4/5/2017,0.081638523,753
4/6/2017,0.008184088,588
4/7/2017,0.083434875,480
4/8/2017,0.104436721,272
4/9/2017,-0.108184722,169
4/10/2017,0.087082465,365
4/11/2017,0.064397456,709
4/12/2017,0.089706205,584
4/13/2017,0.021675871,666
4/14/2017,0.135005591,439
4/15/2017,0.096086041,259
4/16/2017,0.06116803,141
4/17/2017,0.127708172,396
4/18/2017,0.104479536,547
4/19/2017,0.098056971,603
4/20/2017,0.084313437,622
4/21/2017,0.12440728,455
4/22/2017,0.065641573,288
4/23/2017,0.083176551,146
4/24/2017,0.13380773,422
4/25/2017,0.137049413,599
4/26/2017,0.174989389,614
4/27/2017,0.086580175,532
4/28/2017,0.083741662,702
4/29/2017,0.180616359,412
4/30/2017,0.10829047,65
5/1/2017,0.201837993,872
5/2/2017,0.1401429,1545
5/3/2017,0.067904231,3261
5/4/2017,0.074750564,1183
5/5/2017,0.079647465,938
5/6/2017,0.121923263,486
5/7/2017,0.057449452,314
5/8/2017,0.068483814,1206
5/9/2017,0.073674553,1258
5/10/2017,0.092336265,908
5/11/2017,0.103706568,694
5/12/2017,0.049695706,977
5/13/2017,0.049200585,488
5/14/2017,0.084012494,290
5/15/2017,0.101860125,628
5/16/2017,0.15500201,754
5/17/2017,0.068133794,975
5/18/2017,0.108867219,809
5/19/2017,0.078466514,599
5/20/2017,0.163074292,348
5/21/2017,0.122047819,246
5/22/2017,0.117807843,568
5/23/2017,0.082424522,790
5/24/2017,0.14267935,680
5/25/2017,0.129812957,642
5/26/2017,0.123411101,603
5/27/2017,0.143279851,368
5/28/2017,0.108577908,229
5/29/2017,-0.00787485,245
5/30/2017,0.076450683,556
5/31/2017,0.197092962,183
6/1/2017,0.038791878,404
6/2/2017,-0.008182264,617
6/3/2017,0.109574539,378
6/4/2017,0.09902783,221
6/5/2017,0.054624138,1189
6/6/2017,0.036093389,1524
6/7/2017,0.061719154,922
6/8/2017,0.072489733,654
6/9/2017,0.035085026,799
6/10/2017,0.058158019,699
6/11/2017,0.147070982,294
6/12/2017,0.049487715,1230
6/13/2017,0.108688158,1217
6/14/2017,0.106188284,748
6/15/2017,0.109936331,987
6/16/2017,0.034957702,680
6/17/2017,0.043170586,412
6/18/2017,0.015161374,237
6/19/2017,0.130979733,704
6/20/2017,0.044504276,674
6/21/2017,0.148296255,632
6/22/2017,0.056299776,665
6/23/2017,0.174543826,700
6/24/2017,0.125370564,421
6/25/2017,0.265136191,268
6/26/2017,0.112138132,559
6/27/2017,0.131607353,790
6/28/2017,0.098629729,732
6/29/2017,0.106008595,794
6/30/2017,-0.049457158,227
7/1/2017,0.011736147,201
7/2/2017,0.166911309,292
7/3/2017,0.124154247,506
7/4/2017,0.066538541,653
7/5/2017,0.124003626,590
7/6/2017,0.132607118,737
7/7/2017,0.134509284,796
7/8/2017,0.159833282,405
7/9/2017,0.110892445,294
7/10/2017,0.145755359,665
7/11/2017,0.107917497,755
7/12/2017,0.136336298,937
7/13/2017,0.12319176,848
7/14/2017,0.112713212,686
7/15/2017,0.048733679,448
7/16/2017,-0.027307277,282
7/17/2017,0.09383315,651
7/18/2017,0.081784925,666
7/19/2017,0.152927791,966
7/20/2017,0.108142476,796
7/21/2017,0.170014314,664
7/22/2017,0.169030004,356
7/23/2017,0.203961055,298
7/24/2017,0.144565297,515
7/25/2017,0.145838911,802
7/26/2017,0.124184927,779
7/27/2017,0.075012547,873
7/28/2017,0.039808679,701
7/29/2017,-0.011660932,484
7/30/2017,0.110911902,319
7/31/2017,0.001903635,73
8/1/2017,0.116205987,910
8/2/2017,0.092774025,3992
8/3/2017,0.102283224,1221
8/4/2017,0.128385817,759
8/5/2017,0.002677,468
8/6/2017,0.137792878,363
8/7/2017,0.001803941,631
8/8/2017,0.130781962,940
8/9/2017,0.196692116,1413
8/10/2017,0.138379892,1167
8/11/2017,0.084333664,935
8/12/2017,0.092956592,466
8/13/2017,0.180659692,321
8/14/2017,0.134391035,751
8/15/2017,0.108770874,1137
8/16/2017,0.065276811,1044
8/17/2017,0.088678924,929
8/18/2017,0.114590757,777
8/19/2017,0.194088499,463
8/20/2017,0.176948733,245
8/21/2017,0.141741215,651
8/22/2017,0.13717786,816
8/23/2017,0.144549728,942
8/24/2017,0.168187508,789
8/25/2017,0.077223595,809
8/26/2017,0.09181345,387
8/27/2017,0.091193823,293
8/28/2017,0.133393481,658
8/29/2017,0.099366647,1469
8/30/2017,0.097843579,1322
8/31/2017,0.21464295,255
9/1/2017,0.06077732,664
9/2/2017,0.1516701,487
9/3/2017,0.124031344,366
9/4/2017,0.133520344,427
9/5/2017,0.142388171,737
9/6/2017,0.090356932,931
9/7/2017,0.077955415,935
9/8/2017,0.096741629,930
9/9/2017,0.061752378,261
9/10/2017,0.155108459,457
9/11/2017,0.122841913,1196
9/12/2017,0.073456818,496
9/13/2017,0.04948122,1378
9/14/2017,0.036569648,1485
9/15/2017,0.11964978,1474
9/16/2017,0.078268506,805
9/17/2017,0.10539506,541
9/18/2017,0.145051563,838
9/19/2017,0.122497591,1173
9/20/2017,0.076856538,1416
9/21/2017,0.064336476,1118
9/22/2017,0.028667905,1345
9/23/2017,0.069173562,715
9/24/2017,0.145002762,458
9/25/2017,0.096029618,1216
9/26/2017,0.124522663,1266
9/27/2017,0.150306579,902
9/28/2017,0.108396992,871
9/29/2017,0.097501618,770
9/30/2017,0.196473391,193
10/1/2017,0.169448121,260
10/2/2017,0.126125909,700
10/3/2017,0.108492952,787
10/4/2017,0.119580172,929
10/5/2017,0.071559551,844
10/6/2017,0.083661332,805
10/7/2017,0.130256009,465
10/8/2017,0.070888217,356
10/9/2017,0.163954877,629
10/10/2017,0.086312276,862
10/11/2017,0.095575704,840
10/12/2017,0.130315418,697
10/13/2017,0.064765166,725
10/14/2017,0.132954662,446
10/15/2017,0.157502167,346
10/16/2017,0.109474534,855
10/17/2017,0.147413439,864
10/18/2017,0.144473617,830
10/19/2017,0.086942399,1286
10/20/2017,0.104581308,924
10/21/2017,0.050314749,558
10/22/2017,0.187965957,375
10/23/2017,0.060064071,709
10/24/2017,0.099235536,902
10/25/2017,0.122984352,779
10/26/2017,0.042463738,658
10/27/2017,0.106836594,1149
10/28/2017,0.174021428,613
10/29/2017,0.158888298,421
10/30/2017,0.115592441,955
10/31/2017,0.111580617,293
11/1/2017,0.161153207,795
11/2/2017,0.114655503,1116
11/3/2017,0.080305785,3260
11/4/2017,0.138776034,776
11/5/2017,0.1357133,441
11/6/2017,0.135741665,818
11/7/2017,0.093988806,1034
11/8/2017,0.112312401,927
11/9/2017,0.129242094,1181
11/10/2017,0.112702334,990
11/11/2017,0.124670333,543
11/12/2017,0.119430301,434
11/13/2017,0.172174364,569
11/14/2017,0.105312788,743
11/15/2017,0.129740884,1057
11/16/2017,0.167618051,1108
11/17/2017,0.141612609,801
11/18/2017,0.151727375,475
11/19/2017,0.165602929,431
11/20/2017,0.189701024,622
11/21/2017,0.137721622,829
11/22/2017,0.072313794,971
11/23/2017,0.163493749,460
11/24/2017,0.154409188,488
11/25/2017,0.146795888,502
11/26/2017,0.137825478,321
11/27/2017,0.178612603,553
11/28/2017,0.120963985,690
11/29/2017,0.12891921,1045
11/30/2017,0.109808764,292
12/1/2017,0.04789486,99
12/2/2017,0.17156903,515
12/3/2017,0.00576257,393
12/4/2017,0.124902391,737
12/5/2017,0.170261183,903
12/6/2017,0.124655807,897
12/7/2017,0.09936161,877
12/8/2017,0.12726521,848
12/9/2017,0.184941834,555
12/10/2017,0.180261112,431
12/11/2017,0.177435842,769
12/12/2017,0.175784558,994
12/13/2017,0.193555604,910
12/14/2017,0.161243722,838
12/15/2017,0.131608178,794
12/16/2017,0.167998783,665
12/17/2017,0.17688179,363
12/18/2017,0.136346427,723
12/19/2017,0.140534985,1198
12/20/2017,0.085899361,956
12/21/2017,0.171373201,1136
12/22/2017,0.12400224,956
12/23/2017,0.135498335,583
12/24/2017,0.160305266,431
12/25/2017,0.138491162,390
12/26/2017,0.083683379,1020
12/27/2017,0.112485264,1201
12/28/2017,0.092332595,1046
12/29/2017,0.105269857,988
12/30/2017,0.154467848,661
12/31/2017,0.146542238,140
1/1/2018,0.145862617,290
1/2/2018,0.095629834,839
1/3/2018,0.112818039,933
1/4/2018,0.131831432,851
1/5/2018,0.105426996,280
1/6/2018,0.203939271,161
1/7/2018,0.20802286,412
1/8/2018,0.143505937,851
1/9/2018,0.123450299,1023
1/10/2018,0.13525057,919
1/11/2018,0.128479483,856
1/12/2018,0.108825789,891
1/13/2018,0.171810818,667
1/14/2018,0.031999068,432
1/15/2018,0.143336531,515
1/16/2018,0.131660265,851
1/17/2018,0.123739124,1077
1/18/2018,0.088208439,1686
1/19/2018,0.110900885,1045
1/20/2018,0.166544351,561
1/21/2018,0.111456867,441
1/22/2018,0.221525512,144
1/23/2018,0.060050913,176
1/24/2018,0.101985135,1483
1/25/2018,0.143699595,1278
1/26/2018,0.19428397,1512
1/27/2018,0.175028854,1026
1/28/2018,0.184058163,611
1/29/2018,0.132828258,1607
1/30/2018,0.08875868,1761
1/31/2018,0.111076213,438
2/1/2018,0.225823663,1017
2/2/2018,0.093135566,3586
2/3/2018,0.087207881,1234
2/4/2018,0.058317944,605
2/5/2018,0.17119822,1241
2/6/2018,0.116266008,1616
2/7/2018,0.111366848,1485
2/8/2018,0.121250525,1158
2/9/2018,0.150947095,1091
2/10/2018,0.150379928,638
2/11/2018,0.11582877,443
2/12/2018,0.159693072,896
2/13/2018,0.117025717,1083
2/14/2018,0.159611593,1117
2/15/2018,0.151501961,1252
2/16/2018,0.192073553,1078
2/17/2018,0.127343767,584
2/18/2018,0.185588278,402
2/19/2018,0.112709097,508
2/20/2018,0.125644049,776
2/21/2018,0.194037426,900
2/22/2018,0.131942346,937
2/23/2018,0.156135256,861
2/24/2018,0.120551855,631
2/25/2018,0.125191849,508
2/26/2018,0.120314516,1044
2/27/2018,0.127300749,1225
2/28/2018,0.178207394,297
3/1/2018,0.116123102,727
3/2/2018,0.170781369,1024
3/3/2018,0.087667453,649
3/4/2018,0.150967301,347
3/5/2018,0.121144621,726
3/6/2018,0.09591657,832
3/7/2018,0.13770194,772
3/8/2018,0.142436218,736
3/9/2018,0.167129364,730
3/10/2018,0.149979085,557
3/11/2018,0.182601924,378
3/12/2018,0.053649428,833
3/13/2018,0.146882433,1018
3/14/2018,0.13937912,789
3/15/2018,0.06847176,787
3/16/2018,0.168004687,660
3/17/2018,0.13163418,529
3/18/2018,0.205875055,88
3/19/2018,0.141728723,468
3/20/2018,0.099380469,944
3/21/2018,0.16799426,891
3/22/2018,0.217869367,763
3/23/2018,0.232693828,1021
3/24/2018,0.107892626,521
3/25/2018,0.125356577,341
3/26/2018,0.156041959,772
3/27/2018,0.143257619,1104
3/28/2018,0.087887446,1162
3/29/2018,0.145022722,969
3/30/2018,0.165207691,684
3/31/2018,0.205295408,154
4/1/2018,0.111147019,262
4/2/2018,0.20837236,857
4/3/2018,0.148528495,1139
4/4/2018,0.0746158,999
4/5/2018,0.181883413,853
4/6/2018,0.114676545,761
4/7/2018,0.121441897,528
4/8/2018,0.162997857,397
4/9/2018,0.117402599,674
4/10/2018,0.16383898,797
4/11/2018,0.191312602,796
4/12/2018,0.145607014,817
4/13/2018,0.14179315,815
4/14/2018,0.176851193,431
4/15/2018,0.217018993,251
4/16/2018,0.217355601,489
4/17/2018,0.215823419,635
4/18/2018,0.176557816,526
4/19/2018,0.081188805,769
4/20/2018,0.052585721,1309
4/21/2018,0.044740135,593
4/22/2018,0.105339874,259
4/23/2018,0.091689558,740
4/24/2018,0.103302175,824
4/25/2018,0.078718017,897
4/26/2018,0.07040111,715
4/27/2018,0.071330502,825
4/28/2018,0.135048721,479
4/29/2018,0.162177884,302
4/30/2018,0.11646536,93
5/1/2018,0.122135582,1057
5/2/2018,0.105335649,3699
5/3/2018,0.087825351,1129
5/4/2018,0.097160894,1848
5/5/2018,0.105931766,963
5/6/2018,0.135976022,539
5/7/2018,0.078523683,1197
5/8/2018,0.040272074,1070
5/9/2018,0.115874765,790
5/10/2018,0.12955225,1011
5/11/2018,0.097983302,962
5/12/2018,0.183281933,230
5/13/2018,0.097452831,115
5/14/2018,0.113398276,729
5/15/2018,0.105456433,862
5/16/2018,0.102435422,929
5/17/2018,0.119372573,800
5/18/2018,0.141498166,709
5/19/2018,0.102099286,479
5/20/2018,0.059915361,390
5/21/2018,0.113115281,675
5/22/2018,0.141728109,781
5/23/2018,0.138749506,762
5/24/2018,0.095673739,894
5/25/2018,0.063653077,848
5/26/2018,0.06241093,564
5/27/2018,0.083470416,413
5/28/2018,0.095500101,440
5/29/2018,0.101390462,835
5/30/2018,0.155203928,854
5/31/2018,0.185514262,203
6/1/2018,0.145387527,672
6/2/2018,0.160666164,648
6/3/2018,0.182797061,427
6/4/2018,0.116021611,1269
6/5/2018,0.113615466,1507
6/6/2018,0.129221826,887
6/7/2018,0.129948006,827
6/8/2018,0.133290787,1069
6/9/2018,0.18451386,425
6/10/2018,0.082173858,406
6/11/2018,0.143890445,743
6/12/2018,0.110288335,810
6/13/2018,0.104500115,796
6/14/2018,0.153914443,845
6/15/2018,0.184947839,905
6/16/2018,0.188446649,561
6/17/2018,0.123109983,492
6/18/2018,0.158654546,702
6/19/2018,0.15578675,978
6/20/2018,0.122910155,803
6/21/2018,0.122410646,794
6/22/2018,0.164292547,721
6/23/2018,0.174881932,578
6/24/2018,0.15207519,365
6/25/2018,0.127917475,746
6/26/2018,0.127325902,897
6/27/2018,0.159119537,813
6/28/2018,0.118597676,849
6/29/2018,0.189709858,647
6/30/2018,0.133747048,160
7/1/2018,0.127627594,212
7/2/2018,0.168704976,473
7/3/2018,0.144821547,519
7/4/2018,0.11996132,306
7/5/2018,0.118535378,484
7/6/2018,0.138592141,557
7/7/2018,0.16546971,391
7/8/2018,0.187707343,230
7/9/2018,0.173258154,538
7/10/2018,0.189340721,665
7/11/2018,0.131696364,742
7/12/2018,0.174188958,614
7/13/2018,0.197080904,666
7/14/2018,0.125779999,382
7/15/2018,0.2253096,238
7/16/2018,0.176378856,428
7/17/2018,0.143500962,620
7/18/2018,0.224347755,581
7/19/2018,0.135689347,678
7/20/2018,0.148652979,602
7/21/2018,0.143688534,370
7/22/2018,0.168351974,288
7/23/2018,0.183509475,515
7/24/2018,0.171936915,683
7/25/2018,0.092301997,581
7/26/2018,0.141137499,826
7/27/2018,0.120116456,658
7/28/2018,0.175377447,489
7/29/2018,0.139307409,329
7/30/2018,0.135337505,828
7/31/2018,0.1071614,274
8/1/2018,0.129194591,2636
8/2/2018,0.122725269,3770
8/3/2018,0.11045334,2242
8/4/2018,0.159110471,778
8/5/2018,0.130208588,418
8/6/2018,0.099806506,834
8/7/2018,0.116947805,1111
8/8/2018,0.1367594,854
8/9/2018,0.152290861,903
8/10/2018,0.12816862,791
8/11/2018,0.079213994,464
8/12/2018,0.169701951,300
8/13/2018,0.150553252,607
8/14/2018,0.122030023,777
8/15/2018,0.164054557,896
8/16/2018,0.122468168,947
8/17/2018,0.120224852,1056
8/18/2018,0.159314101,673
8/19/2018,0.157696532,358
8/20/2018,0.105559372,817
8/21/2018,0.150571835,953
8/22/2018,0.151107011,771
8/23/2018,0.156023827,721
8/24/2018,0.122771871,735
8/25/2018,0.158020709,439
8/26/2018,0.101233012,370
8/27/2018,0.181185855,667
8/28/2018,0.157026597,922
8/29/2018,0.177140097,942
8/30/2018,0.124621434,1515
8/31/2018,0.091090338,468
9/1/2018,0.217166225,373
9/2/2018,0.23327583,387
9/3/2018,0.159215284,415
9/4/2018,0.146104339,999
9/5/2018,0.128023607,1218
9/6/2018,0.150682845,988
9/7/2018,0.136019574,913
9/8/2018,0.08570231,967
9/9/2018,0.150489066,488
9/10/2018,0.110129089,1132
9/11/2018,0.152624175,1245
9/12/2018,0.073452161,2216
9/13/2018,0.060384163,1984
9/14/2018,0.085895821,1195
9/15/2018,0.086046968,647
9/16/2018,0.149297585,380
9/17/2018,0.136071812,970
9/18/2018,0.107639768,1158
9/19/2018,0.119395796,924
9/20/2018,0.121235461,914
9/21/2018,0.156071558,859
9/22/2018,0.145985439,543
9/23/2018,0.1361859,353
9/24/2018,0.143323844,791
9/25/2018,0.139435847,911
9/26/2018,0.170823446,788
9/27/2018,0.123478562,1052
9/28/2018,0.163817294,782
9/29/2018,0.189585056,486
9/30/2018,0.234863161,93
10/1/2018,0.147111833,533
10/2/2018,0.122935849,874
10/3/2018,0.110862832,1047
10/4/2018,0.093901874,1091
10/5/2018,0.127769514,978
10/6/2018,0.155119221,470
10/7/2018,0.120775882,294
10/8/2018,0.13393084,691
10/9/2018,0.134166891,817
10/10/2018,0.114534288,887
10/11/2018,0.068711859,1311
10/12/2018,0.127343302,917
10/13/2018,0.171792043,504
10/14/2018,0.169997431,301
10/15/2018,0.138283897,730
10/16/2018,0.115448706,873
10/17/2018,0.137122982,761
10/18/2018,0.120022562,872
10/19/2018,0.070797018,853
10/20/2018,0.116871011,466
10/21/2018,0.125909228,249
10/22/2018,0.132028309,706
10/23/2018,0.082535005,866
10/24/2018,0.105195361,942
10/25/2018,0.112595412,915
10/26/2018,0.108224068,1065
10/27/2018,0.051983277,568
10/28/2018,0.064596492,341
10/29/2018,0.107084341,932
10/30/2018,0.040793486,1452
10/31/2018,0.04177623,352
11/1/2018,0.106136531,1294
11/2/2018,0.075349624,5285
11/3/2018,0.108526978,925
11/4/2018,0.127315805,453
11/5/2018,0.076498193,1658
11/6/2018,0.072415777,1235
11/7/2018,0.123289368,1040
11/8/2018,0.091640569,922
11/9/2018,0.097279946,842
11/10/2018,0.135746261,521
11/11/2018,0.152190836,269
11/12/2018,0.08012997,1316
11/13/2018,0.015860253,1821
11/14/2018,0.064937225,1754
11/15/2018,0.107372891,1716
11/16/2018,0.123810142,1209
11/17/2018,0.102815686,553
11/18/2018,0.024475691,320
11/19/2018,0.035111421,1228
11/20/2018,0.082000594,1960
11/21/2018,0.085743131,1516
11/22/2018,0.149372504,733
11/23/2018,0.126408773,950
11/24/2018,0.140883452,540
11/25/2018,0.131375866,406
11/26/2018,0.112158091,1047
11/27/2018,0.083651795,1752
11/28/2018,0.112380338,1229
11/29/2018,0.1437185,1257
11/30/2018,0.08243768,313
12/1/2018,0.146336161,286
12/2/2018,0.155179524,437
12/3/2018,0.116806522,886
12/4/2018,0.100019106,1374
12/5/2018,0.074717747,826
12/6/2018,0.109761059,1131
12/7/2018,0.087461954,1169
12/8/2018,0.052397975,935
12/9/2018,0.095698372,321
12/10/2018,0.088864317,1553
12/11/2018,0.083076927,1494
12/12/2018,0.094031317,1119
12/13/2018,0.101229854,1358
12/14/2018,0.101622647,1240
12/15/2018,0.149444885,696
12/16/2018,0.092807006,441
12/17/2018,0.1584041,941
12/18/2018,0.13440702,1158
12/19/2018,0.099624639,1036
12/20/2018,0.098380331,1339
12/21/2018,0.070386679,1308
12/22/2018,0.050062151,851
12/23/2018,0.073436445,405
12/24/2018,0.100390818,830
12/25/2018,-0.033363159,469
12/26/2018,0.081545931,794
12/27/2018,0.124979299,1172
12/28/2018,0.103819669,934
12/29/2018,0.084475849,556
12/30/2018,0.128326362,299
12/31/2018,0.012591012,101
1/1/2019,0.118501209,235
1/2/2019,0.099366125,687
1/3/2019,0.035514001,7871
1/4/2019,0.04911382,3237
1/5/2019,0.096854946,1156
1/6/2019,0.106031291,661
1/7/2019,0.106586674,1268
1/8/2019,0.099507733,1423
1/9/2019,0.091402632,1833
1/10/2019,0.113593545,1157
1/11/2019,0.116868663,1089
1/12/2019,0.107245931,626
1/13/2019,0.127883729,407
1/14/2019,0.139446992,805
1/15/2019,0.120884746,1024
1/16/2019,0.100377002,1239
1/17/2019,0.073051973,1148
1/18/2019,0.09524566,1220
1/19/2019,0.101294867,823
1/20/2019,0.099414048,581
1/21/2019,0.082287803,592
1/22/2019,0.097192452,987
1/23/2019,0.091949975,1058
1/24/2019,0.099373729,1115
1/25/2019,0.092541319,1157
1/26/2019,0.102331121,790
1/27/2019,0.09216932,541
1/28/2019,0.099376234,1140
1/29/2019,0.073053826,1856
1/30/2019,0.070684535,4778
1/31/2019,0.115310143,598
2/1/2019,0.086723265,754
2/2/2019,0.105582075,699
2/3/2019,0.092927832,559
2/4/2019,0.122225589,884
2/5/2019,0.12701773,1351
2/6/2019,0.107058363,1188
2/7/2019,0.122056886,990
2/8/2019,0.105668238,920
2/9/2019,0.107636497,634
2/10/2019,0.092290557,509
2/11/2019,0.089615489,835
2/12/2019,0.117594305,986
2/13/2019,0.099022114,1011
2/14/2019,0.107842422,1034
2/15/2019,0.121294266,1046
2/16/2019,0.082176705,651
2/17/2019,0.09363242,479
2/18/2019,0.080733208,608
2/19/2019,0.1027724,765
2/20/2019,0.099391409,1010
2/21/2019,0.074084459,1150
2/22/2019,0.1386534,884
2/23/2019,0.145531553,663
2/24/2019,0.152904982,542
2/25/2019,0.151568691,1022
2/26/2019,0.141618914,1150
2/27/2019,0.138393513,860
2/28/2019,0.163796684,299
3/1/2019,0.131989239,668
3/2/2019,0.11086499,650
3/3/2019,0.149874087,549
3/4/2019,0.12834873,978
3/5/2019,0.13677759,965
3/6/2019,0.185626638,1050
3/7/2019,0.130486599,1050
3/8/2019,0.107713895,948
3/9/2019,0.094808843,687
3/10/2019,0.130992018,476
3/11/2019,0.104095948,1174
3/12/2019,0.136153739,1669
3/13/2019,0.096559244,1276
3/14/2019,0.122583545,1354
3/15/2019,0.104534365,1365
3/16/2019,0.161158944,716
3/17/2019,0.169929391,498
3/18/2019,0.08181165,1004
3/19/2019,0.1598004,1235
3/20/2019,0.134992243,1007
3/21/2019,0.123938576,1803
3/22/2019,0.119556479,1471
3/23/2019,0.128020885,692
3/24/2019,0.19345672,538
3/25/2019,0.080768604,2279
3/26/2019,0.076816868,2668
3/27/2019,0.113437521,1816
3/28/2019,0.122488217,1076
3/29/2019,0.130706524,1080
3/30/2019,0.11166447,638
3/31/2019,0.110373484,116
4/1/2019,0.079722904,792
4/2/2019,0.105812982,1046
4/3/2019,0.135405236,1151
4/4/2019,0.13700781,1064
4/5/2019,0.14055596,1112
4/6/2019,0.137153363,570
4/7/2019,0.16421706,341
4/8/2019,0.084079059,966
4/9/2019,0.135228517,1590
4/10/2019,0.11083417,1349
4/11/2019,0.136556455,1045
4/12/2019,0.126400706,1096
4/13/2019,0.11787482,514
4/14/2019,0.152817862,405
4/15/2019,0.139409658,853
4/16/2019,0.11947828,1105
4/17/2019,0.101224243,1830
4/18/2019,0.111894454,1225
4/19/2019,0.219041313,536
4/20/2019,0.183650029,314
4/21/2019,0.093787601,255
4/22/2019,0.193315763,715
4/23/2019,0.190287932,1025
4/24/2019,0.135722792,1060
4/25/2019,0.139272181,917
4/26/2019,0.177469074,827
4/27/2019,0.219559542,566
4/28/2019,0.190010711,383
4/29/2019,0.124181747,806
4/30/2019,0.059658751,329
5/1/2019,0.095956065,2251
5/2/2019,0.105827504,1720
5/3/2019,0.113605058,1103
5/4/2019,0.177886504,658
5/5/2019,0.146060825,478
5/6/2019,0.10587614,1081
5/7/2019,0.170329743,1219
5/8/2019,0.166741802,1144
5/9/2019,0.171997478,1131
5/10/2019,0.147055133,1318
5/11/2019,0.102634415,668
5/12/2019,0.151180063,439
5/13/2019,0.121958757,1375
5/14/2019,0.128342169,1605
5/15/2019,0.141266484,1222
5/16/2019,0.117498585,1227
5/17/2019,0.08119986,1078
5/18/2019,0.127359842,614
5/19/2019,0.102756573,109
5/20/2019,0.104388714,787
5/21/2019,0.15914549,1430
5/22/2019,0.118362151,1417
5/23/2019,0.097260403,1374
5/24/2019,0.111489592,1022
5/25/2019,0.136334836,564
5/26/2019,0.16376289,365
5/27/2019,0.210334532,478
5/28/2019,0.163942596,940
5/29/2019,0.157167465,1107
5/30/2019,0.121124572,943
5/31/2019,0.053560456,217
6/1/2019,0.108853518,277
6/2/2019,0.080426898,358
6/3/2019,0.050750553,1192
6/4/2019,0.072440393,1559
6/5/2019,0.125542928,1172
6/6/2019,0.091172058,923
6/7/2019,0.121430122,892
6/8/2019,0.166661056,514
6/9/2019,0.125928169,313
6/10/2019,0.103026887,627
6/11/2019,0.179085565,897
6/12/2019,0.150676683,831
6/13/2019,0.131000863,717
6/14/2019,0.135314783,773
6/15/2019,0.139765484,387
6/16/2019,0.107513854,263
6/17/2019,0.104842864,566
6/18/2019,0.099584258,808
6/19/2019,0.179780236,850
6/20/2019,0.13137545,818
6/21/2019,0.123065737,744
6/22/2019,0.110625919,371
6/23/2019,0.142241012,256
6/24/2019,0.141634179,495
6/25/2019,0.121428479,641
6/26/2019,0.102512532,881
6/27/2019,0.143245794,779
6/28/2019,0.098834303,1173
6/29/2019,0.120245556,462
6/30/2019,0.102948886,104
7/1/2019,0.127407988,664
7/2/2019,0.060389592,705
7/3/2019,0.115877491,681
7/4/2019,0.125554175,373
7/5/2019,0.097604432,438
7/6/2019,0.07398216,284
7/7/2019,0.112025116,293
7/8/2019,0.057997278,865
7/9/2019,0.091057746,909
7/10/2019,0.075776826,730
7/11/2019,0.101800744,714
7/12/2019,0.112741479,542
7/13/2019,0.126097435,401
7/14/2019,0.10384174,199
7/15/2019,0.161794131,490
7/16/2019,0.142707591,676
7/17/2019,0.128261332,633
7/18/2019,0.132279006,775
7/19/2019,0.081002772,529
7/20/2019,0.109721953,310
7/21/2019,0.184668317,217
7/22/2019,0.100336849,501
7/23/2019,0.116281917,895
7/24/2019,0.088003783,822
7/25/2019,0.13506785,683
7/26/2019,0.102528524,829
7/27/2019,0.113530454,456
7/28/2019,0.174573262,284
7/29/2019,0.129366045,771
7/30/2019,0.128827644,1082
7/31/2019,0.107927568,1415
8/1/2019,0.062346198,833
8/2/2019,0.091402024,1065
8/3/2019,0.072443415,530
8/4/2019,0.088044212,360
8/5/2019,0.065416852,838
8/6/2019,0.079041965,1026
8/7/2019,0.056729783,767
8/8/2019,0.118805449,779
8/9/2019,0.123168294,701
8/10/2019,0.135563269,346
8/11/2019,0.150110581,276
8/12/2019,0.098208923,524
8/13/2019,0.124264048,987
8/14/2019,0.11726264,964
8/15/2019,0.0803887,679
8/16/2019,0.0677479,754
8/17/2019,0.100542307,470
8/18/2019,0.148742265,301
8/19/2019,0.105745159,910
8/20/2019,0.077938095,1115
8/21/2019,0.086010633,1176
8/22/2019,0.058496707,1007
8/23/2019,0.097330137,1103
8/24/2019,0.090353345,580
8/25/2019,0.131786161,373
8/26/2019,0.072340395,888
8/27/2019,0.117541426,962
8/28/2019,0.061476878,895
8/29/2019,0.056460018,1083
8/30/2019,0.106095856,1005
8/31/2019,0.15162501,224
9/1/2019,0.059886595,200
9/2/2019,0.086849869,74
